,month,month_full,year,no_of_rainy_days,total_rainfall,mean_relative_humidity,mean_sunshine_hrs,mean_surface_temp,wet_bulb_temperature
0,1982-01-01,Jan,1982,10,107.1,81.2,5.6,25.9,23.45604838709677
1,1982-02-01,Feb,1982,5,27.8,79.5,7.6,27.1,24.297619047619047
2,1982-03-01,Mar,1982,11,160.8,82.3,5.1,27.2,24.811559139784944
3,1982-04-01,Apr,1982,14,157.0,85.9,4.7,27.0,25.10375
4,1982-05-01,May,1982,10,102.2,83.2,5.8,28.0,25.689650537634407
5,1982-06-01,Jun,1982,8,59.5,80.3,7.3,28.4,25.729305555555552
6,1982-07-01,Jul,1982,8,76.3,77.6,7.6,28.2,25.107258064516127
7,1982-08-01,Aug,1982,11,169.5,80.4,5.4,27.7,25.02755376344086
8,1982-09-01,Sep,1982,9,54.1,80.6,5.2,27.9,25.243055555555557
9,1982-10-01,Oct,1982,10,39.3,81.5,5.6,27.4,24.90067204301075
10,1982-11-01,Nov,1982,13,134.0,83.4,5.8,27.3,25.068888888888885
11,1982-12-01,Dec,1982,21,494.1,87.7,3.3,26.2,24.621639784946236
12,1983-01-01,Jan,1983,18,246.0,85.6,4.3,26.5,24.554973118279573
13,1983-02-01,Feb,1983,2,5.6,78.0,9.3,28.1,24.97440476190476
14,1983-03-01,Mar,1983,2,18.6,76.0,8.9,28.9,25.439247311827955
15,1983-04-01,Apr,1983,4,33.6,77.2,6.6,29.4,26.09347222222222
16,1983-05-01,May,1983,11,160.8,83.2,5.9,28.3,25.95685483870968
17,1983-06-01,Jun,1983,11,94.0,82.4,5.9,28.3,25.872500000000002
18,1983-07-01,Jul,1983,18,190.0,83.7,5.4,27.6,25.422043010752688
19,1983-08-01,Aug,1983,10,262.2,81.2,6.3,28.1,25.54959677419355
20,1983-09-01,Sep,1983,18,170.8,84.4,3.8,27.2,25.13722222222222
21,1983-10-01,Oct,1983,17,212.7,82.5,5.2,27.6,25.239247311827956
22,1983-11-01,Nov,1983,18,228.8,85.2,3.2,26.6,24.687638888888888
23,1983-12-01,Dec,1983,16,370.6,88.0,2.7,25.4,23.882526881720427
24,1984-01-01,Jan,1984,18,251.2,85.8,4.1,25.5,23.667876344086025
25,1984-02-01,Feb,1984,19,470.4,86.0,4.1,25.8,24.00991379310345
26,1984-03-01,Mar,1984,19,361.3,85.4,5.3,26.5,24.6002688172043
27,1984-04-01,Apr,1984,17,153.1,83.8,6.2,27.3,25.178472222222222
28,1984-05-01,May,1984,12,186.5,84.1,6.4,27.3,25.15645161290323
29,1984-06-01,Jun,1984,14,255.0,83.1,5.4,27.5,25.2575
30,1984-07-01,Jul,1984,12,127.2,83.7,5.7,27.2,24.984274193548387
31,1984-08-01,Aug,1984,13,102.7,84.1,6.0,27.4,25.241935483870968
32,1984-09-01,Sep,1984,17,186.7,83.9,4.9,26.8,24.65791666666667
33,1984-10-01,Oct,1984,11,187.5,82.5,5.3,27.4,25.00712365591398
34,1984-11-01,Nov,1984,17,127.7,86.3,4.3,26.5,24.650138888888886
35,1984-12-01,Dec,1984,22,277.4,86.7,3.3,26.0,24.245833333333334
36,1985-01-01,Jan,1985,7,111.1,81.5,8.7,26.6,24.091129032258063
37,1985-02-01,Feb,1985,11,79.3,84.0,6.5,27.0,24.892857142857142
38,1985-03-01,Mar,1985,13,88.0,83.9,5.6,27.1,24.92822580645161
39,1985-04-01,Apr,1985,14,110.5,83.8,5.5,27.5,25.28291666666667
40,1985-05-01,May,1985,12,70.1,83.4,5.7,28.0,25.736962365591395
41,1985-06-01,Jun,1985,14,37.0,79.4,5.8,28.2,25.32333333333333
42,1985-07-01,Jul,1985,17,131.8,83.1,5.3,27.0,24.738575268817204
43,1985-08-01,Aug,1985,11,56.9,80.4,6.2,27.7,25.07983870967742
44,1985-09-01,Sep,1985,18,110.7,83.1,5.0,26.9,24.693055555555556
45,1985-10-01,Oct,1985,21,169.0,84.7,4.1,26.7,24.6747311827957
46,1985-11-01,Nov,1985,21,179.4,85.0,4.1,26.6,24.571805555555557
47,1985-12-01,Dec,1985,22,340.1,86.2,4.6,26.1,24.273118279569893
48,1986-01-01,Jan,1986,13,308.2,83.9,3.9,25.7,23.615591397849464
49,1986-02-01,Feb,1986,2,26.7,78.4,7.2,26.9,23.99955357142857
50,1986-03-01,Mar,1986,17,353.4,86.6,4.6,26.4,24.6747311827957
51,1986-04-01,Apr,1986,14,150.0,85.3,6.2,27.4,25.42013888888889
52,1986-05-01,May,1986,13,145.1,81.8,6.1,28.2,25.686155913978496
53,1986-06-01,Jun,1986,13,122.9,82.5,6.8,27.9,25.542222222222225
54,1986-07-01,Jul,1986,12,109.7,79.9,6.2,27.9,25.11209677419355
55,1986-08-01,Aug,1986,11,72.9,77.3,5.6,28.3,25.126478494623655
56,1986-09-01,Sep,1986,22,396.0,84.4,4.8,26.7,24.64486111111111
57,1986-10-01,Oct,1986,20,227.3,85.0,5.0,26.9,24.90537634408602
58,1986-11-01,Nov,1986,21,256.7,84.1,4.5,26.6,24.504583333333333
59,1986-12-01,Dec,1986,16,367.2,85.2,5.4,26.3,24.403494623655916
60,1987-01-01,Jan,1987,16,568.6,86.0,4.0,25.5,23.70255376344086
61,1987-02-01,Feb,1987,7,86.9,79.0,9.2,26.6,23.781994047619047
62,1987-03-01,Mar,1987,12,132.5,83.2,6.9,27.5,25.19475806451613
63,1987-04-01,Apr,1987,10,72.5,82.8,6.2,27.9,25.573194444444447
64,1987-05-01,May,1987,16,270.0,84.6,5.6,27.6,25.55766129032258
65,1987-06-01,Jun,1987,15,126.6,80.7,6.8,28.7,26.001527777777774
66,1987-07-01,Jul,1987,11,80.9,81.3,6.7,28.1,25.540188172043013
67,1987-08-01,Aug,1987,16,191.9,83.6,5.1,27.4,25.20483870967742
68,1987-09-01,Sep,1987,11,129.9,82.5,5.4,27.6,25.21027777777778
69,1987-10-01,Oct,1987,9,22.6,82.1,5.8,27.9,25.403897849462364
70,1987-11-01,Nov,1987,17,347.6,84.0,4.5,27.3,25.099861111111114
71,1987-12-01,Dec,1987,11,72.8,84.6,4.8,26.4,24.40981182795699
72,1988-01-01,Jan,1988,15,237.5,84.3,5.9,26.8,24.706989247311828
73,1988-02-01,Feb,1988,9,158.1,83.2,6.7,27.1,24.87528735632184
74,1988-03-01,Mar,1988,15,186.8,85.3,5.2,27.3,25.28682795698925
75,1988-04-01,Apr,1988,13,109.6,84.5,5.4,27.8,25.7025
76,1988-05-01,May,1988,14,229.6,82.7,5.6,28.4,26.008467741935483
77,1988-06-01,Jun,1988,13,252.2,81.6,6.5,28.0,25.459305555555556
78,1988-07-01,Jul,1988,15,305.4,84.0,6.0,27.3,25.204435483870967
79,1988-08-01,Aug,1988,14,80.1,84.9,4.9,27.0,25.002150537634407
80,1988-09-01,Sep,1988,14,440.4,84.5,4.8,27.1,25.004722222222224
81,1988-10-01,Oct,1988,17,134.6,83.2,4.1,27.5,25.170295698924733
82,1988-11-01,Nov,1988,23,401.4,86.8,3.7,26.3,24.58527777777778
83,1988-12-01,Dec,1988,11,62.9,81.1,5.7,26.2,23.718413978494624
84,1989-01-01,Jan,1989,10,189.7,84.1,5.8,26.5,24.39704301075269
85,1989-02-01,Feb,1989,3,52.4,78.3,6.7,26.6,23.703869047619047
86,1989-03-01,Mar,1989,21,305.9,87.6,4.5,26.3,24.72204301075269
87,1989-04-01,Apr,1989,17,198.6,86.4,5.7,27.0,25.190555555555555
88,1989-05-01,May,1989,12,194.0,86.6,5.2,27.3,25.4755376344086
89,1989-06-01,Jun,1989,12,117.6,83.3,6.0,27.5,25.19611111111111
90,1989-07-01,Jul,1989,12,157.6,82.6,6.0,27.7,25.386559139784943
91,1989-08-01,Aug,1989,18,201.0,83.7,5.3,27.1,24.966397849462364
92,1989-09-01,Sep,1989,14,247.3,84.4,5.5,26.9,24.846249999999998
93,1989-10-01,Oct,1989,16,111.0,83.7,5.5,27.1,24.87983870967742
94,1989-11-01,Nov,1989,20,508.4,86.0,5.4,26.7,24.7975
95,1989-12-01,Dec,1989,18,179.7,85.5,4.8,26.3,24.37889784946237
96,1990-01-01,Jan,1990,13,147.4,83.8,5.3,26.2,24.04731182795699
97,1990-02-01,Feb,1990,8,24.1,80.9,8.9,27.6,24.96175595238095
98,1990-03-01,Mar,1990,4,94.2,77.6,8.3,28.2,25.07956989247312
99,1990-04-01,Apr,1990,10,52.4,81.2,6.3,28.5,25.885972222222225
100,1990-05-01,May,1990,11,180.1,81.1,6.5,28.6,25.933064516129033
101,1990-06-01,Jun,1990,9,112.6,80.7,6.3,28.3,25.693888888888885
102,1990-07-01,Jul,1990,12,124.0,82.7,5.9,27.5,25.131048387096776
103,1990-08-01,Aug,1990,13,146.6,82.3,5.8,28.0,25.5747311827957
104,1990-09-01,Sep,1990,17,204.5,83.2,5.1,27.2,24.9775
105,1990-10-01,Oct,1990,12,56.4,83.5,5.9,27.5,25.24516129032258
106,1990-11-01,Nov,1990,17,180.4,83.5,4.6,27.2,24.983611111111113
107,1990-12-01,Dec,1990,16,201.1,86.0,5.5,26.3,24.47231182795699
108,1991-01-01,Jan,1991,13,123.9,84.1,5.6,26.7,24.58454301075269
109,1991-02-01,Feb,1991,7,45.5,81.6,7.0,27.1,24.620386904761908
110,1991-03-01,Mar,1991,10,92.4,79.9,7.1,27.8,25.046370967741936
111,1991-04-01,Apr,1991,13,134.2,84.3,5.8,27.7,25.61513888888889
112,1991-05-01,May,1991,23,256.4,86.6,5.1,27.7,25.91021505376344
113,1991-06-01,Jun,1991,9,88.7,81.0,7.1,28.6,25.97041666666667
114,1991-07-01,Jul,1991,8,37.3,78.7,6.7,28.5,25.533736559139783
115,1991-08-01,Aug,1991,8,226.2,79.8,5.3,28.2,25.4
116,1991-09-01,Sep,1991,12,123.1,83.0,4.1,27.5,25.269305555555558
117,1991-10-01,Oct,1991,5,52.0,81.4,4.2,27.5,24.985483870967744
118,1991-11-01,Nov,1991,19,205.0,86.5,3.5,26.3,24.49291666666667
119,1991-12-01,Dec,1991,19,492.3,90.7,3.0,25.6,24.43938172043011
120,1992-01-01,Jan,1992,9,83.9,82.4,6.6,26.6,24.29274193548387
121,1992-02-01,Feb,1992,4,62.4,80.5,7.7,27.5,24.784913793103446
122,1992-03-01,Mar,1992,6,67.6,80.6,7.4,28.2,25.50577956989247
123,1992-04-01,Apr,1992,13,160.3,82.4,6.4,28.4,25.965
124,1992-05-01,May,1992,13,63.1,83.3,5.7,28.1,25.8505376344086
125,1992-06-01,Jun,1992,14,162.8,82.7,5.5,28.0,25.671666666666663
126,1992-07-01,Jul,1992,19,290.8,83.8,4.7,27.3,25.1630376344086
127,1992-08-01,Aug,1992,11,76.1,81.1,5.7,27.8,25.18978494623656
128,1992-09-01,Sep,1992,13,83.6,82.9,5.0,27.3,25.035694444444445
129,1992-10-01,Oct,1992,20,233.2,82.0,4.5,27.4,24.988306451612903
130,1992-11-01,Nov,1992,18,474.3,87.7,3.7,26.1,24.479999999999997
131,1992-12-01,Dec,1992,23,502.7,90.3,3.4,25.5,24.283467741935485
132,1993-01-01,Jan,1993,11,176.4,85.7,5.5,26.2,24.335752688172043
133,1993-02-01,Feb,1993,8,69.2,80.5,8.5,26.7,24.083035714285714
134,1993-03-01,Mar,1993,14,250.5,86.3,5.4,26.7,24.861021505376343
135,1993-04-01,Apr,1993,20,283.9,84.5,6.4,27.6,25.485416666666666
136,1993-05-01,May,1993,10,129.9,82.9,6.0,28.2,25.850403225806453
137,1993-06-01,Jun,1993,17,115.5,80.9,6.2,28.5,25.831666666666667
138,1993-07-01,Jul,1993,15,240.0,83.2,5.2,27.9,25.60470430107527
139,1993-08-01,Aug,1993,11,106.8,79.4,7.4,28.6,25.729032258064517
140,1993-09-01,Sep,1993,7,61.7,81.4,5.9,27.9,25.335
141,1993-10-01,Oct,1993,13,175.5,84.3,5.2,27.5,25.36599462365591
142,1993-11-01,Nov,1993,18,250.8,87.4,4.7,26.9,25.185555555555553
143,1993-12-01,Dec,1993,19,308.5,87.4,4.2,26.5,24.86532258064516
144,1994-01-01,Jan,1994,7,56.9,82.1,6.1,26.9,24.526344086021503
145,1994-02-01,Feb,1994,15,133.5,84.5,6.4,27.0,24.952976190476193
146,1994-03-01,Mar,1994,19,288.2,87.1,3.5,26.8,25.100403225806453
147,1994-04-01,Apr,1994,15,154.0,84.8,5.8,27.9,25.803333333333335
148,1994-05-01,May,1994,16,169.6,84.8,5.0,28.1,26.023655913978494
149,1994-06-01,Jun,1994,14,184.7,83.5,6.0,28.1,25.833194444444448
150,1994-07-01,Jul,1994,6,53.8,78.9,7.6,28.4,25.547580645161293
151,1994-08-01,Aug,1994,12,45.1,80.0,6.5,28.1,25.402419354838713
152,1994-09-01,Sep,1994,6,23.7,78.7,3.8,28.3,25.410833333333333
153,1994-10-01,Oct,1994,11,84.7,81.5,4.5,27.9,25.294758064516127
154,1994-11-01,Nov,1994,21,322.2,88.4,4.5,26.7,25.15263888888889
155,1994-12-01,Dec,1994,18,425.4,85.5,5.3,26.9,24.94327956989247
156,1995-01-01,Jan,1995,21,349.4,86.2,5.0,26.8,24.95779569892473
157,1995-02-01,Feb,1995,16,334.0,87.5,4.9,26.5,24.79925595238095
158,1995-03-01,Mar,1995,10,67.7,83.9,5.9,27.6,25.396102150537637
159,1995-04-01,Apr,1995,16,242.3,85.3,5.6,27.9,25.946805555555557
160,1995-05-01,May,1995,11,84.4,83.7,6.0,28.5,26.279301075268815
161,1995-06-01,Jun,1995,12,63.7,81.9,6.6,28.9,26.335694444444446
162,1995-07-01,Jul,1995,13,173.6,82.6,5.2,28.0,25.65215053763441
163,1995-08-01,Aug,1995,21,211.6,85.6,4.1,27.4,25.47271505376344
164,1995-09-01,Sep,1995,7,29.5,81.6,5.8,28.3,25.764305555555556
165,1995-10-01,Oct,1995,12,101.1,82.8,4.7,27.8,25.463575268817205
166,1995-11-01,Nov,1995,20,372.8,86.8,3.7,27.0,25.218611111111112
167,1995-12-01,Dec,1995,20,302.5,86.6,3.1,26.3,24.549059139784948
168,1996-01-01,Jan,1996,10,173.2,84.2,5.2,26.2,24.08521505376344
169,1996-02-01,Feb,1996,11,180.2,84.6,5.8,26.5,24.44942528735632
170,1996-03-01,Mar,1996,8,129.7,81.0,7.7,27.8,25.12889784946237
171,1996-04-01,Apr,1996,15,178.2,85.5,5.4,27.8,25.83888888888889
172,1996-05-01,May,1996,15,107.5,83.7,7.0,28.5,26.278494623655916
173,1996-06-01,Jun,1996,15,265.8,84.3,5.9,28.3,26.14916666666667
174,1996-07-01,Jul,1996,10,162.3,81.9,6.7,28.3,25.853763440860217
175,1996-08-01,Aug,1996,18,258.4,83.4,5.0,27.4,25.179032258064517
176,1996-09-01,Sep,1996,18,297.0,82.2,4.8,27.7,25.317222222222224
177,1996-10-01,Oct,1996,19,300.0,83.0,4.3,27.5,25.179973118279573
178,1996-11-01,Nov,1996,16,180.2,83.5,4.4,27.3,25.067777777777778
179,1996-12-01,Dec,1996,15,185.5,82.9,4.5,26.6,24.34032258064516
180,1997-01-01,Jan,1997,3,15.4,77.3,7.7,27.1,23.996774193548386
181,1997-02-01,Feb,1997,8,105.4,80.8,4.9,27.4,24.758482142857144
182,1997-03-01,Mar,1997,10,34.3,79.6,7.0,28.1,25.227688172043013
183,1997-04-01,Apr,1997,12,118.4,82.7,5.6,28.1,25.68263888888889
184,1997-05-01,May,1997,6,41.6,77.7,6.7,29.3,26.157526881720432
185,1997-06-01,Jun,1997,12,78.9,76.7,7.3,29.3,25.96847222222222
186,1997-07-01,Jul,1997,9,18.6,76.5,6.5,28.8,25.524327956989247
187,1997-08-01,Aug,1997,9,86.6,78.2,5.7,28.8,25.7252688172043
188,1997-09-01,Sep,1997,3,31.1,77.0,3.2,28.8,25.580277777777777
189,1997-10-01,Oct,1997,8,78.4,81.0,3.2,28.2,25.561693548387098
190,1997-11-01,Nov,1997,13,158.3,82.8,5.4,27.8,25.43972222222222
191,1997-12-01,Dec,1997,23,351.9,85.3,5.3,27.3,25.358467741935485
192,1998-01-01,Jan,1998,13,268.8,83.2,7.4,28.0,25.736424731182797
193,1998-02-01,Feb,1998,5,32.5,78.3,8.9,28.9,25.87827380952381
194,1998-03-01,Mar,1998,7,58.8,77.8,7.6,29.5,26.263440860215052
195,1998-04-01,Apr,1998,13,187.7,81.8,6.7,29.2,26.697222222222223
196,1998-05-01,May,1998,18,370.8,82.3,5.9,29.4,26.913978494623656
197,1998-06-01,Jun,1998,15,198.8,82.1,5.3,28.6,26.106944444444444
198,1998-07-01,Jul,1998,18,259.2,81.8,5.1,28.1,25.640860215053763
199,1998-08-01,Aug,1998,18,195.0,85.4,4.6,27.5,25.504435483870967
200,1998-09-01,Sep,1998,17,258.2,84.1,4.5,27.9,25.755277777777778
201,1998-10-01,Oct,1998,20,222.7,82.3,5.0,28.0,25.591397849462364
202,1998-11-01,Nov,1998,11,107.2,81.9,4.6,27.9,25.448749999999997
203,1998-12-01,Dec,1998,22,463.4,88.5,3.1,26.6,25.08508064516129
204,1999-01-01,Jan,1999,19,193.9,88.3,3.9,26.6,25.05483870967742
205,1999-02-01,Feb,1999,9,67.4,82.4,6.7,27.2,24.86636904761905
206,1999-03-01,Mar,1999,16,181.4,87.5,4.3,27.1,25.45228494623656
207,1999-04-01,Apr,1999,14,88.5,82.6,5.8,28.3,25.886805555555554
208,1999-05-01,May,1999,13,157.1,84.4,5.7,28.0,25.910618279569892
209,1999-06-01,Jun,1999,13,103.4,81.9,6.0,28.2,25.735972222222223
210,1999-07-01,Jul,1999,11,225.4,82.7,6.8,27.8,25.40255376344086
211,1999-08-01,Aug,1999,13,204.0,84.1,5.7,27.5,25.37244623655914
212,1999-09-01,Sep,1999,13,125.9,81.7,6.5,27.9,25.40402777777778
213,1999-10-01,Oct,1999,20,205.0,84.6,4.7,27.2,25.106182795698924
214,1999-11-01,Nov,1999,19,241.5,84.4,4.7,27.3,25.14402777777778
215,1999-12-01,Dec,1999,17,340.5,85.3,4.1,26.8,24.823924731182796
216,2000-01-01,Jan,2000,14,275.2,86.9,4.0,26.3,24.6377688172043
217,2000-02-01,Feb,2000,18,237.8,86.5,5.8,26.6,24.785344827586204
218,2000-03-01,Mar,2000,15,238.3,85.8,5.8,27.2,25.315188172043012
219,2000-04-01,Apr,2000,20,311.6,85.6,5.3,27.5,25.554305555555555
220,2000-05-01,May,2000,10,96.8,82.4,6.8,28.6,26.170698924731184
221,2000-06-01,Jun,2000,16,157.5,84.3,4.6,27.6,25.51236111111111
222,2000-07-01,Jul,2000,12,116.1,82.6,6.5,28.1,25.746370967741935
223,2000-08-01,Aug,2000,18,113.5,83.8,5.1,27.5,25.354569892473116
224,2000-09-01,Sep,2000,12,81.1,82.2,6.2,28.0,25.6075
225,2000-10-01,Oct,2000,14,120.9,82.1,4.0,27.8,25.331989247311828
226,2000-11-01,Nov,2000,21,385.7,87.1,3.7,27.3,25.583194444444448
227,2000-12-01,Dec,2000,18,236.0,87.6,4.2,27.0,25.335887096774197
228,2001-01-01,Jan,2001,21,425.8,87.4,4.4,26.5,24.856854838709676
229,2001-02-01,Feb,2001,11,86.6,83.6,4.8,27.0,24.788095238095234
230,2001-03-01,Mar,2001,20,297.3,84.5,5.4,27.5,25.350806451612904
231,2001-04-01,Apr,2001,18,203.3,86.0,5.3,27.7,25.86472222222222
232,2001-05-01,May,2001,12,164.9,85.0,6.0,28.5,26.47056451612903
233,2001-06-01,Jun,2001,11,137.1,82.5,4.9,28.2,25.77097222222222
234,2001-07-01,Jul,2001,9,111.3,80.8,8.1,28.4,25.7880376344086
235,2001-08-01,Aug,2001,14,158.3,83.7,4.9,28.0,25.804973118279573
236,2001-09-01,Sep,2001,13,162.0,82.3,6.2,28.0,25.575833333333332
237,2001-10-01,Oct,2001,20,252.2,83.7,4.4,27.6,25.423387096774192
238,2001-11-01,Nov,2001,15,175.3,84.9,3.7,27.2,25.157083333333333
239,2001-12-01,Dec,2001,20,609.0,86.8,4.5,26.7,24.94233870967742
240,2002-01-01,Jan,2002,11,221.2,83.6,6.9,27.0,24.83279569892473
241,2002-02-01,Feb,2002,2,50.8,80.9,7.4,27.3,24.705357142857142
242,2002-03-01,Mar,2002,8,55.6,80.8,7.6,28.2,25.528494623655916
243,2002-04-01,Apr,2002,13,116.5,82.3,6.6,28.6,26.13722222222222
244,2002-05-01,May,2002,13,236.6,82.3,6.2,28.9,26.417473118279567
245,2002-06-01,Jun,2002,12,83.1,82.1,6.3,28.7,26.222638888888888
246,2002-07-01,Jul,2002,11,233.7,82.7,6.8,28.4,26.05510752688172
247,2002-08-01,Aug,2002,14,54.2,79.2,6.7,28.5,25.624193548387098
248,2002-09-01,Sep,2002,9,124.2,81.7,5.5,28.1,25.545555555555556
249,2002-10-01,Oct,2002,7,10.8,79.8,6.2,28.7,25.838306451612905
250,2002-11-01,Nov,2002,15,307.2,85.8,4.6,27.4,25.49833333333333
251,2002-12-01,Dec,2002,24,255.0,88.7,4.8,27.2,25.680779569892472
252,2003-01-01,Jan,2003,20,444.2,86.9,4.7,26.7,24.92970430107527
253,2003-02-01,Feb,2003,13,172.9,85.0,5.8,27.1,25.087648809523813
254,2003-03-01,Mar,2003,11,154.6,83.8,6.9,28.1,25.84704301075269
255,2003-04-01,Apr,2003,20,159.9,86.7,5.1,27.9,26.094305555555557
256,2003-05-01,May,2003,11,81.8,81.7,5.8,29.2,26.612903225806452
257,2003-06-01,Jun,2003,12,50.3,78.5,7.0,28.9,25.94916666666667
258,2003-07-01,Jul,2003,14,170.4,81.7,5.6,28.1,25.634543010752687
259,2003-08-01,Aug,2003,13,193.6,83.1,6.1,28.2,25.924865591397847
260,2003-09-01,Sep,2003,15,205.3,84.8,5.0,27.6,25.566666666666666
261,2003-10-01,Oct,2003,21,351.4,84.9,5.1,27.6,25.548521505376343
262,2003-11-01,Nov,2003,19,133.8,87.3,4.2,27.1,25.443055555555556
263,2003-12-01,Dec,2003,17,273.0,87.2,3.9,26.5,24.87150537634409
264,2004-01-01,Jan,2004,13,600.9,86.7,6.7,26.9,25.08225806451613
265,2004-02-01,Feb,2004,4,31.9,80.5,7.7,27.6,24.958189655172415
266,2004-03-01,Mar,2004,16,269.4,85.8,4.8,27.7,25.739919354838708
267,2004-04-01,Apr,2004,9,57.1,82.3,7.0,28.9,26.369027777777777
268,2004-05-01,May,2004,13,137.6,82.1,6.0,28.9,26.447580645161292
269,2004-06-01,Jun,2004,8,127.2,79.8,6.3,29.0,26.183611111111112
270,2004-07-01,Jul,2004,20,166.6,85.3,4.2,27.3,25.38817204301075
271,2004-08-01,Aug,2004,8,185.2,80.3,7.3,28.3,25.537365591397847
272,2004-09-01,Sep,2004,14,128.9,83.6,5.9,27.8,25.570277777777775
273,2004-10-01,Oct,2004,13,125.6,83.9,5.0,27.8,25.57338709677419
274,2004-11-01,Nov,2004,15,166.2,86.1,5.8,27.3,25.41375
275,2004-12-01,Dec,2004,14,139.8,85.2,4.9,26.8,24.87244623655914
276,2005-01-01,Jan,2005,8,163.2,83.3,6.5,26.6,24.395967741935483
277,2005-02-01,Feb,2005,3,8.4,77.7,9.1,28.5,25.330357142857142
278,2005-03-01,Mar,2005,12,82.4,80.3,7.2,28.5,25.70577956989247
279,2005-04-01,Apr,2005,10,81.7,81.0,7.0,28.7,26.036805555555556
280,2005-05-01,May,2005,20,331.1,84.6,5.5,28.5,26.366532258064517
281,2005-06-01,Jun,2005,15,82.3,82.7,5.4,28.8,26.405694444444443
282,2005-07-01,Jul,2005,15,104.0,84.0,5.4,28.0,25.849865591397847
283,2005-08-01,Aug,2005,13,58.5,82.9,6.5,28.2,25.900134408602153
284,2005-09-01,Sep,2005,18,175.7,84.2,6.2,28.2,25.996111111111112
285,2005-10-01,Oct,2005,19,314.5,85.2,5.1,27.6,25.58185483870968
286,2005-11-01,Nov,2005,23,362.9,86.4,4.4,27.3,25.43236111111111
287,2005-12-01,Dec,2005,19,166.0,85.6,4.5,27.3,25.326478494623657
288,2006-01-01,Jan,2006,20,454.4,87.8,4.8,26.5,24.865591397849464
289,2006-02-01,Feb,2006,8,115.5,84.0,7.4,27.5,25.37842261904762
290,2006-03-01,Mar,2006,9,83.1,81.3,7.1,28.3,25.692204301075268
291,2006-04-01,Apr,2006,18,239.8,87.0,5.3,27.6,25.854444444444447
292,2006-05-01,May,2006,14,205.7,85.2,5.0,28.1,26.103629032258063
293,2006-06-01,Jun,2006,16,236.8,86.3,5.5,27.8,25.99152777777778
294,2006-07-01,Jul,2006,15,153.8,83.8,6.9,28.4,26.21155913978495
295,2006-08-01,Aug,2006,14,127.3,81.9,6.7,28.3,25.854569892473116
296,2006-09-01,Sep,2006,12,83.3,81.0,5.3,28.0,25.40486111111111
297,2006-10-01,Oct,2006,8,102.0,80.9,4.8,28.3,25.69327956989247
298,2006-11-01,Nov,2006,18,185.6,87.4,5.6,27.3,25.550416666666667
299,2006-12-01,Dec,2006,22,765.9,88.5,3.2,26.6,25.12217741935484
300,2007-01-01,Jan,2007,20,450.1,86.8,4.1,26.5,24.72083333333333
301,2007-02-01,Feb,2007,3,105.5,82.5,7.6,27.3,24.870535714285715
302,2007-03-01,Mar,2007,21,269.1,84.9,5.8,27.5,25.42043010752688
303,2007-04-01,Apr,2007,14,240.2,84.7,5.9,28.1,26.00986111111111
304,2007-05-01,May,2007,16,127.2,84.8,5.5,28.3,26.221236559139783
305,2007-06-01,Jun,2007,12,139.0,82.8,6.0,28.4,26.059583333333336
306,2007-07-01,Jul,2007,19,141.7,84.8,3.8,27.7,25.697580645161292
307,2007-08-01,Aug,2007,20,190.7,82.9,5.7,27.7,25.4252688172043
308,2007-09-01,Sep,2007,13,149.0,83.3,5.8,27.8,25.593194444444443
309,2007-10-01,Oct,2007,16,237.2,83.2,5.6,27.8,25.488575268817204
310,2007-11-01,Nov,2007,21,367.9,86.5,3.5,26.9,25.105833333333333
311,2007-12-01,Dec,2007,20,468.6,86.8,4.5,26.4,24.704301075268816
312,2008-01-01,Jan,2008,19,262.6,86.0,6.1,26.8,24.903360215053763
313,2008-02-01,Feb,2008,8,129.2,82.9,5.5,26.7,24.427298850574715
314,2008-03-01,Mar,2008,16,294.1,87.1,4.3,26.5,24.830510752688173
315,2008-04-01,Apr,2008,13,87.2,82.0,6.0,28.1,25.641805555555553
316,2008-05-01,May,2008,11,124.9,79.1,6.6,28.8,25.849596774193547
317,2008-06-01,Jun,2008,12,118.3,81.5,5.6,28.2,25.66333333333333
318,2008-07-01,Jul,2008,15,89.1,81.3,4.9,27.8,25.311155913978496
319,2008-08-01,Aug,2008,18,327.3,83.8,5.5,27.4,25.284408602150535
320,2008-09-01,Sep,2008,18,164.4,82.7,5.1,27.7,25.344722222222224
321,2008-10-01,Oct,2008,19,159.5,84.9,4.5,27.6,25.546505376344083
322,2008-11-01,Nov,2008,16,324.3,85.9,4.0,27.3,25.379583333333333
323,2008-12-01,Dec,2008,17,244.2,83.7,4.8,26.9,24.690591397849463
324,2009-01-01,Jan,2009,5,38.3,79.1,6.6,26.8,23.982795698924733
325,2009-02-01,Feb,2009,8,201.8,80.7,6.4,27.3,24.64627976190476
326,2009-03-01,Mar,2009,19,223.3,85.4,5.5,27.2,25.2
327,2009-04-01,Apr,2009,12,183.7,82.2,6.2,28.5,26.000694444444445
328,2009-05-01,May,2009,17,198.6,83.0,6.6,28.7,26.366666666666667
329,2009-06-01,Jun,2009,8,21.8,79.8,7.0,29.1,26.281666666666666
330,2009-07-01,Jul,2009,16,161.0,80.8,6.2,28.3,25.6002688172043
331,2009-08-01,Aug,2009,12,177.8,80.7,6.5,28.3,25.64354838709677
332,2009-09-01,Sep,2009,13,109.6,82.0,5.6,28.3,25.86611111111111
333,2009-10-01,Oct,2009,15,133.4,82.8,5.4,28.2,25.861424731182797
334,2009-11-01,Nov,2009,23,281.8,85.6,4.7,27.2,25.274583333333336
335,2009-12-01,Dec,2009,18,189.8,86.3,4.7,27.1,25.261693548387097
336,2010-01-01,Jan,2010,10,69.5,82.1,7.1,27.5,25.016397849462365
337,2010-02-01,Feb,2010,4,6.3,77.3,8.8,28.9,25.641964285714288
338,2010-03-01,Mar,2010,11,238.0,79.9,6.1,28.6,25.731989247311827
339,2010-04-01,Apr,2010,18,158.5,84.1,6.2,28.6,26.349444444444444
340,2010-05-01,May,2010,17,157.5,82.2,6.5,29.2,26.713575268817205
341,2010-06-01,Jun,2010,19,240.5,83.9,5.1,28.3,26.11875
342,2010-07-01,Jul,2010,18,298.5,84.8,4.6,27.7,25.6497311827957
343,2010-08-01,Aug,2010,16,158.4,84.2,5.4,27.9,25.741263440860216
344,2010-09-01,Sep,2010,13,121.5,82.5,5.7,28.0,25.610833333333332
345,2010-10-01,Oct,2010,17,166.2,82.3,4.2,28.3,25.80282258064516
346,2010-11-01,Nov,2010,21,278.8,85.9,5.0,27.4,25.448611111111113
347,2010-12-01,Dec,2010,14,181.4,85.3,3.6,26.8,24.836290322580645
348,2011-01-01,Jan,2011,17,513.2,85.8,4.5,26.3,24.433467741935484
349,2011-02-01,Feb,2011,8,23.0,81.1,7.5,27.3,24.69151785714286
350,2011-03-01,Mar,2011,22,256.6,85.5,4.6,27.1,25.072311827956987
351,2011-04-01,Apr,2011,12,217.8,83.9,7.2,27.9,25.689999999999998
352,2011-05-01,May,2011,15,127.0,85.3,5.9,28.5,26.479166666666668
353,2011-06-01,Jun,2011,15,213.0,83.7,5.0,28.4,26.13875
354,2011-07-01,Jul,2011,7,76.6,81.3,7.8,28.7,26.110483870967744
355,2011-08-01,Aug,2011,13,81.4,82.6,6.1,27.9,25.56048387096774
356,2011-09-01,Sep,2011,14,136.4,82.7,5.1,27.8,25.50986111111111
357,2011-10-01,Oct,2011,20,216.8,87.4,5.3,27.3,25.508198924731182
358,2011-11-01,Nov,2011,24,377.8,87.8,4.6,27.1,25.45347222222222
359,2011-12-01,Dec,2011,21,284.6,88.4,3.3,26.6,25.062634408602147
360,2012-01-01,Jan,2012,16,106.1,87.3,6.0,26.7,25.007930107526885
361,2012-02-01,Feb,2012,11,83.6,85.6,7.0,27.2,25.257183908045977
362,2012-03-01,Mar,2012,21,313.4,87.3,4.2,27.0,25.314247311827955
363,2012-04-01,Apr,2012,20,260.6,85.1,5.8,27.6,25.57111111111111
364,2012-05-01,May,2012,19,292.0,83.1,5.6,28.2,25.842473118279568
365,2012-06-01,Jun,2012,8,53.0,79.0,6.0,28.7,25.799305555555556
366,2012-07-01,Jul,2012,17,130.8,81.1,6.2,27.7,25.18494623655914
367,2012-08-01,Aug,2012,12,119.0,79.8,6.1,27.9,25.202016129032256
368,2012-09-01,Sep,2012,10,107.6,79.7,5.6,27.9,25.150555555555556
369,2012-10-01,Oct,2012,13,122.2,81.3,5.9,27.7,25.155779569892474
370,2012-11-01,Nov,2012,22,208.2,85.4,4.4,27.1,25.138472222222223
371,2012-12-01,Dec,2012,22,363.4,87.0,3.6,26.7,24.978494623655912
372,2013-01-01,Jan,2013,15,262.0,82.1,6.0,27.1,24.62849462365591
373,2013-02-01,Feb,2013,22,395.2,86.9,4.0,26.5,24.79285714285714
374,2013-03-01,Mar,2013,10,85.8,80.4,7.5,28.3,25.5497311827957
375,2013-04-01,Apr,2013,19,159.4,82.7,5.2,28.2,25.81625
376,2013-05-01,May,2013,17,211.4,83.1,5.4,28.2,25.848387096774193
377,2013-06-01,Jun,2013,12,111.4,74.6,6.4,29.0,25.30388888888889
378,2013-07-01,Jul,2013,15,174.6,79.9,5.7,27.8,25.04193548387097
379,2013-08-01,Aug,2013,15,165.6,79.0,6.1,27.9,25.04422043010753
380,2013-09-01,Sep,2013,19,257.0,81.3,4.6,27.5,25.012916666666666
381,2013-10-01,Oct,2013,19,285.4,79.9,6.3,27.7,24.95766129032258
382,2013-11-01,Nov,2013,22,292.4,84.6,4.5,27.1,25.066666666666666
383,2013-12-01,Dec,2013,21,348.2,85.8,3.5,26.5,24.609139784946237
384,2014-01-01,Jan,2014,5,75.4,78.5,5.3,26.2,23.391129032258064
385,2014-02-01,Feb,2014,1,0.2,74.5,8.8,27.2,23.708333333333332
386,2014-03-01,Mar,2014,6,66.0,76.0,8.0,27.9,24.54462365591398
387,2014-04-01,Apr,2014,17,110.0,80.0,5.7,28.2,25.461805555555557
388,2014-05-01,May,2014,18,125.8,80.2,5.8,28.6,25.811424731182797
389,2014-06-01,Jun,2014,11,71.4,77.5,6.0,29.0,25.880972222222223
390,2014-07-01,Jul,2014,15,148.6,78.3,5.5,28.7,25.704704301075267
391,2014-08-01,Aug,2014,20,241.0,79.7,4.5,27.7,24.933198924731183
392,2014-09-01,Sep,2014,9,83.6,75.6,7.0,28.5,25.079583333333332
393,2014-10-01,Oct,2014,10,120.0,77.0,6.0,28.4,25.170295698924733
394,2014-11-01,Nov,2014,23,250.8,82.4,5.4,27.5,25.094722222222224
395,2014-12-01,Dec,2014,17,245.6,82.6,3.7,27.0,24.71545698924731
396,2015-01-01,Jan,2015,6,79.6,77.6,7.4,26.9,23.8377688172043
397,2015-02-01,Feb,2015,6,18.8,75.4,7.3,27.0,23.633035714285715
398,2015-03-01,Mar,2015,5,84.4,75.8,7.3,28.2,24.765860215053763
399,2015-04-01,Apr,2015,13,73.2,77.1,7.2,28.6,25.373055555555553
400,2015-05-01,May,2015,12,89.0,78.9,5.8,28.7,25.795564516129033
401,2015-06-01,Jun,2015,10,95.8,75.8,6.7,29.0,25.58625
402,2015-07-01,Jul,2015,13,116.8,74.9,7.1,29.1,25.54422043010753
403,2015-08-01,Aug,2015,11,185.8,76.7,6.1,28.4,25.17755376344086
404,2015-09-01,Sep,2015,8,61.6,75.0,4.3,28.7,25.183611111111112
405,2015-10-01,Oct,2015,9,87.2,75.4,4.7,28.7,25.2127688172043
406,2015-11-01,Nov,2015,13,72.6,79.1,4.8,28.0,25.090416666666666
407,2015-12-01,Dec,2015,19,302.3,81.1,5.3,27.7,25.13037634408602
408,2016-01-01,Jan,2016,15,126.6,79.6,7.2,28.3,25.472580645161287
409,2016-02-01,Feb,2016,10,186.0,78.8,6.5,27.8,24.938505747126438
410,2016-03-01,Mar,2016,6,6.2,74.7,8.0,29.0,25.40456989247312
411,2016-04-01,Apr,2016,14,89.8,75.6,7.0,29.4,25.945277777777775
412,2016-05-01,May,2016,12,193.8,77.4,6.2,29.3,26.075806451612905
413,2016-06-01,Jun,2016,13,162.8,77.7,5.4,28.5,25.419166666666666
414,2016-07-01,Jul,2016,20,168.6,77.3,6.3,28.4,25.259543010752687
415,2016-08-01,Aug,2016,15,139.2,74.0,6.7,28.9,25.236155913978497
416,2016-09-01,Sep,2016,15,118.9,73.9,5.5,28.3,24.610138888888887
417,2016-10-01,Oct,2016,16,181.0,72.0,4.6,28.3,24.35282258064516
418,2016-11-01,Nov,2016,20,290.2,77.6,3.5,27.4,24.353194444444444
419,2016-12-01,Dec,2016,23,292.6,72.8,5.1,27.4,23.570833333333333
420,2017-01-01,Jan,2017,21,197.6,84.8,4.8,26.9,24.893010752688173
421,2017-02-01,Feb,2017,15,158.4,83.2,7.1,26.9,24.679464285714282
422,2017-03-01,Mar,2017,11,136.2,82.5,6.1,27.4,24.988440860215057
423,2017-04-01,Apr,2017,21,208.6,83.5,5.3,27.8,25.54638888888889
424,2017-05-01,May,2017,15,190.0,82.8,5.9,28.5,26.114650537634407
425,2017-06-01,Jun,2017,10,106.0,80.2,6.3,28.5,25.75847222222222
426,2017-07-01,Jul,2017,9,79.6,79.6,7.0,28.3,25.50577956989247
427,2017-08-01,Aug,2017,18,84.2,79.9,6.1,28.1,25.39059139784946
428,2017-09-01,Sep,2017,19,124.4,81.0,5.7,28.0,25.380555555555556
429,2017-10-01,Oct,2017,18,120.8,82.5,5.5,27.9,25.47970430107527
430,2017-11-01,Nov,2017,24,268.6,86.3,4.2,27.1,25.229999999999997
431,2017-12-01,Dec,2017,23,371.2,85.2,5.6,27.0,25.010080645161292
432,2018-01-01,Jan,2018,25,287.0,86.6,4.1,26.1,24.34543010752688
433,2018-02-01,Feb,2018,5,14.8,77.2,8.0,27.2,24.058630952380952
434,2018-03-01,Mar,2018,10,44.6,78.4,6.4,28.0,24.96532258064516
435,2018-04-01,Apr,2018,14,61.2,78.5,6.8,28.5,25.470000000000002
436,2018-05-01,May,2018,19,132.2,79.0,5.8,28.7,25.72244623655914
437,2018-06-01,Jun,2018,17,182.6,79.3,4.1,28.4,25.57097222222222
438,2018-07-01,Jul,2018,10,143.2,77.7,6.1,28.5,25.403091397849465
439,2018-08-01,Aug,2018,11,121.6,77.0,6.7,28.5,25.324596774193548
440,2018-09-01,Sep,2018,13,144.4,77.1,6.0,28.0,24.81625
441,2018-10-01,Oct,2018,18,234.4,79.7,6.1,27.9,25.083870967741937
442,2018-11-01,Nov,2018,27,169.6,83.2,3.8,27.3,25.04638888888889
443,2018-12-01,Dec,2018,19,172.6,81.5,5.1,27.6,25.06532258064516
444,2019-01-01,Jan,2019,9,63.6,75.6,7.1,28.0,24.605376344086025
445,2019-02-01,Feb,2019,5,31.6,74.1,9.2,28.2,24.58169642857143
446,2019-03-01,Mar,2019,6,72.2,72.3,8.3,28.7,24.7375
447,2019-04-01,Apr,2019,9,174.8,77.6,5.9,28.6,25.502777777777776
448,2019-05-01,May,2019,13,69.0,79.2,7.0,29.3,26.34193548387097
449,2019-06-01,Jun,2019,16,173.8,79.5,5.3,28.4,25.61277777777778
450,2019-07-01,Jul,2019,8,12.2,75.2,7.5,29.0,25.546505376344083
451,2019-08-01,Aug,2019,6,11.8,72.1,7.6,29.1,25.14758064516129
452,2019-09-01,Sep,2019,4,22.8,73.0,6.7,29.0,25.17666666666667
453,2019-10-01,Oct,2019,15,176.8,78.1,6.5,28.1,25.08306451612903
454,2019-11-01,Nov,2019,15,137.4,79.2,5.5,28.0,25.128194444444443
455,2019-12-01,Dec,2019,14,421.5,83.9,4.8,26.7,24.581317204301076
456,2020-01-01,Jan,2020,6,88.4,77.9,7.1,27.7,24.690725806451614
457,2020-02-01,Feb,2020,8,65.0,76.0,8.3,27.9,24.543390804597703
458,2020-03-01,Mar,2020,8,108.8,75.2,7.6,28.6,25.122580645161293
459,2020-04-01,Apr,2020,12,188.0,76.4,7.1,28.9,25.509722222222223
460,2020-05-01,May,2020,16,255.6,79.1,5.7,28.9,26.02405913978495
461,2020-06-01,Jun,2020,21,233.8,80.2,4.3,28.1,25.440416666666664
462,2020-07-01,Jul,2020,22,140.8,78.2,5.7,27.9,25.021639784946235
463,2020-08-01,Aug,2020,12,103.4,76.8,6.4,28.3,25.113844086021505
464,2020-09-01,Sep,2020,18,150.2,79.0,4.8,27.5,24.719305555555557
465,2020-10-01,Oct,2020,16,78.8,75.4,4.3,28.3,24.916263440860217
466,2020-11-01,Nov,2020,19,220.6,81.7,4.0,27.2,24.803055555555556
467,2020-12-01,Dec,2020,20,253.2,81.1,5.2,27.2,24.651612903225807
468,2021-01-01,Jan,2021,17,692.8,82.6,4.2,26.0,23.73333333333333
469,2021-02-01,Feb,2021,2,1.0,73.8,8.2,27.3,23.745386904761904
470,2021-03-01,Mar,2021,14,182.4,76.6,7.3,27.9,24.68938172043011
471,2021-04-01,Apr,2021,14,290.4,77.4,6.8,28.2,25.122500000000002
472,2021-05-01,May,2021,13,245.8,79.3,6.0,28.7,25.861424731182797
473,2021-06-01,Jun,2021,20,93.4,77.8,6.5,28.5,25.489305555555553
474,2021-07-01,Jul,2021,12,195.8,76.5,6.8,28.6,25.36922043010753
475,2021-08-01,Aug,2021,24,293.6,80.4,4.8,27.6,24.96317204301075
476,2021-09-01,Sep,2021,14,205.4,77.3,6.4,28.3,25.195833333333333
477,2021-10-01,Oct,2021,14,177.0,78.3,6.2,28.5,25.493682795698923
478,2021-11-01,Nov,2021,23,312.4,81.7,4.9,27.6,25.111944444444443
479,2021-12-01,Dec,2021,15,119.6,79.7,5.4,27.7,24.95604838709677
480,2022-01-01,Jan,2022,9,99.8,77.4,8.3,27.4,24.380913978494625
481,2022-02-01,Feb,2022,16,175.0,80.3,5.9,27.3,24.64985119047619
482,2022-03-01,Mar,2022,21,163.2,79.2,6.4,28.1,25.253225806451614
483,2022-04-01,Apr,2022,18,239.6,80.0,5.2,28.1,25.375416666666666
484,2022-05-01,May,2022,12,102.0,76.5,6.7,29.2,25.881317204301077
485,2022-06-01,Jun,2022,17,211.8,79.1,4.7,27.9,25.118055555555557
486,2022-07-01,Jul,2022,16,145.2,76.8,6.2,28.6,25.43911290322581
487,2022-08-01,Aug,2022,15,141.4,77.4,5.5,28.1,25.072311827956987
