id,Predicted Value
114982,608960.0
100149,318100.0
124053,499950.0
53369,333040.0
159051,697790.0
52407,485990.0
131188,543690.0
952,672920.0
166230,287710.0
179918,403590.0
114861,432020.0
180033,464680.0
171908,466440.0
26275,469210.0
3466,528520.0
117691,307010.0
39246,361570.0
171636,689190.0
49603,511210.0
86262,311850.0
57209,354420.0
11519,670710.0
7202,502790.0
156073,431600.0
132217,411640.0
15155,219150.0
128356,374220.0
174870,630640.0
59547,550120.0
154091,331600.0
184121,338660.0
1063,773460.0
79995,430240.0
79894,294110.0
31931,483250.0
142940,274530.0
100104,431910.0
83570,366430.0
181648,481660.0
173013,275920.0
110219,396780.0
10478,523740.0
140674,542210.0
66214,298950.0
36170,357440.0
107783,588290.0
17216,504530.0
185201,417280.0
25318,397610.0
126390,720950.0
129322,456350.0
86142,465080.0
172533,558030.0
168865,552700.0
4327,380170.0
77664,293630.0
58355,382340.0
123897,430800.0
43550,548340.0
94084,409040.0
63629,409070.0
55701,318290.0
51513,324210.0
1754,602410.0
130074,697420.0
149132,365690.0
41826,575390.0
96942,532300.0
183177,451880.0
40210,637120.0
78415,479750.0
121434,415560.0
52510,394900.0
64261,586310.0
172084,534160.0
169875,319210.0
58398,474960.0
183622,397170.0
130190,391430.0
87452,462250.0
64684,601060.0
159666,363270.0
93784,378680.0
36843,482970.0
82973,529220.0
103986,374840.0
64151,344560.0
165946,878300.0
131434,445830.0
8556,519330.0
14032,432430.0
21341,355920.0
50116,490150.0
137392,481350.0
1460,483310.0
175067,566020.0
172514,320500.0
119140,401630.0
142546,284500.0
22406,299820.0
60485,275230.0
146550,454360.0
87638,448140.0
53244,470810.0
180075,289290.0
64342,366510.0
40845,625780.0
114464,322460.0
97370,490480.0
107035,317950.0
42632,504590.0
169151,295640.0
154334,249960.0
59218,434230.0
4425,316640.0
90024,569500.0
95430,360220.0
131496,439040.0
17832,484130.0
164505,430420.0
47565,434150.0
99660,282120.0
20200,667990.0
142562,311990.0
113332,426990.0
157589,486870.0
26850,687490.0
109105,484980.0
97862,417940.0
123220,526790.0
144449,306230.0
39920,536310.0
49737,525640.0
98533,426280.0
38375,369030.0
4654,418850.0
56214,261850.0
143496,434550.0
161546,364370.0
49424,425750.0
18184,299150.0
157571,448630.0
119008,283030.0
128414,625120.0
113444,558460.0
58984,239740.0
134087,521810.0
27723,363860.0
61426,268620.0
96508,527790.0
77192,328040.0
84054,488820.0
45917,297530.0
14425,397830.0
23268,684910.0
1284,284100.0
78114,593550.0
46967,354160.0
105167,649730.0
68778,405140.0
57737,576530.0
63946,299570.0
12676,467420.0
90637,219090.0
92974,388130.0
156181,517560.0
41834,310830.0
143702,447620.0
171029,723340.0
78965,606810.0
163141,407760.0
109999,670620.0
147801,505940.0
73701,566170.0
18230,366920.0
165033,285720.0
21315,417190.0
16891,521980.0
79471,480990.0
21862,266380.0
63600,581150.0
110049,366460.0
74635,401390.0
30356,246380.0
87516,443050.0
139877,316200.0
42424,484110.0
101107,606180.0
48860,340250.0
106646,567990.0
168000,388610.0
131491,386110.0
47501,406100.0
101768,915960.0
165,422320.0
74454,407800.0
116506,950900.0
1820,676600.0
62682,634620.0
149598,530100.0
90766,477320.0
126592,258990.0
157908,335070.0
101470,289430.0
27173,387100.0
95488,484580.0
63373,521670.0
35643,638700.0
120579,430290.0
128369,426120.0
141816,382920.0
161838,274910.0
77131,423290.0
17667,358980.0
72854,446480.0
111359,286190.0
17719,424210.0
123306,445470.0
161864,647970.0
180849,358520.0
79814,415430.0
33512,414790.0
183567,253950.0
126709,363070.0
43094,436420.0
174057,307580.0
170729,560470.0
54718,302030.0
133730,301110.0
25880,414360.0
162957,342470.0
60337,281720.0
139769,484830.0
180789,366860.0
139885,380240.0
85155,312990.0
126543,467020.0
71010,575200.0
65245,411860.0
7762,298820.0
165520,624480.0
73362,358620.0
170250,522730.0
120534,484630.0
8539,574440.0
48843,446520.0
62463,392650.0
124030,352370.0
146762,352380.0
32542,499620.0
154438,509180.0
26861,429470.0
154130,638640.0
85561,368420.0
29523,292660.0
162190,356520.0
179772,417930.0
80229,553730.0
48679,548330.0
161637,493060.0
82873,414930.0
25911,419150.0
117935,489390.0
122922,371840.0
20519,405260.0
148799,435430.0
124583,518130.0
123841,320410.0
143815,723410.0
64554,364810.0
18511,370210.0
7174,248920.0
107447,384260.0
109304,631660.0
33225,391130.0
31504,424700.0
102092,373520.0
5618,369580.0
127376,685430.0
180470,294780.0
30049,484960.0
104665,660320.0
169191,306050.0
78933,490420.0
145016,414340.0
64752,277120.0
148430,561500.0
173406,647710.0
139963,234700.0
63325,549040.0
13226,534130.0
43071,385880.0
168506,306310.0
54877,833690.0
77637,352100.0
54304,325080.0
116543,365500.0
169535,606930.0
2372,597410.0
13539,479540.0
96889,432370.0
12180,562170.0
142091,345330.0
130703,513710.0
48367,564030.0
102048,377280.0
142061,606980.0
80360,503000.0
44807,347120.0
86934,566050.0
168916,403830.0
89276,427100.0
125813,586080.0
596,512860.0
71019,344120.0
150653,867530.0
112843,362990.0
27369,496740.0
92534,565630.0
13062,358290.0
165859,448060.0
66301,327890.0
83618,600700.0
105232,367730.0
40648,565510.0
71976,349900.0
29347,271580.0
106300,315940.0
133141,464500.0
40519,230540.0
154754,386080.0
132371,379670.0
156367,361020.0
152700,437630.0
10393,603460.0
41779,396170.0
130816,588360.0
31211,434190.0
2069,321970.0
182640,463400.0
153201,450170.0
17996,378290.0
136652,561210.0
107533,286590.0
35676,242860.0
184499,338570.0
96978,424980.0
22476,211730.0
66046,281030.0
3011,479050.0
173044,594290.0
185880,294400.0
59246,442220.0
5750,790080.0
61441,544410.0
45836,545890.0
183939,606980.0
102449,294040.0
100231,452060.0
112596,424170.0
90059,290990.0
8718,349820.0
56904,491490.0
72264,279790.0
102129,419170.0
5083,462240.0
165475,367050.0
30967,441520.0
145774,572480.0
52004,419010.0
109232,510870.0
421,348800.0
137558,232830.0
155571,439520.0
131197,227090.0
122938,466240.0
29044,370550.0
2712,448590.0
71207,451740.0
9901,279900.0
69883,316970.0
10786,779790.0
20975,745420.0
21815,364000.0
146443,273710.0
22001,331470.0
74783,1243880.0
914,449500.0
119943,449150.0
131041,277070.0
135546,745100.0
63085,499490.0
16313,408630.0
132985,421360.0
44937,245500.0
181734,291710.0
109020,398450.0
35455,262550.0
74414,559130.0
167240,236790.0
33316,897870.0
77185,269200.0
62703,440070.0
7301,523000.0
41898,278240.0
51376,586130.0
115157,400310.0
120634,614100.0
3515,564180.0
170768,451930.0
66815,260630.0
185937,360230.0
45139,448320.0
20069,308890.0
22550,329410.0
136826,509450.0
69083,367490.0
24595,419410.0
20491,345880.0
20537,547330.0
18157,469110.0
123974,745560.0
148084,284720.0
5409,360190.0
69920,383240.0
155355,321550.0
169526,601290.0
175592,496780.0
1689,409060.0
79260,698740.0
35453,402200.0
24575,356610.0
101310,407220.0
53959,328370.0
23876,502700.0
181162,487990.0
162369,389590.0
34764,481320.0
1607,501560.0
15757,460510.0
60657,659910.0
174859,476460.0
145839,565900.0
64677,592310.0
170987,272360.0
132448,352280.0
615,443060.0
170503,451430.0
53716,403810.0
122216,418080.0
105567,521870.0
49178,709270.0
47155,556620.0
81889,469850.0
87805,410930.0
5000,602520.0
11571,350310.0
162263,386190.0
169864,615910.0
65094,315870.0
35269,341910.0
171081,288500.0
28201,193230.0
100544,362220.0
117827,550470.0
125112,319550.0
41283,515490.0
154774,435370.0
166041,503540.0
37378,914810.0
74715,462930.0
136017,416870.0
154630,424520.0
97021,274230.0
83330,482520.0
143174,693510.0
29908,342600.0
70316,783400.0
162615,319970.0
13447,302460.0
155623,463800.0
71979,399110.0
94821,519510.0
48673,319530.0
43984,576010.0
92650,570910.0
1810,424370.0
127679,484900.0
124650,716700.0
56369,330150.0
122046,1217590.0
123195,362300.0
162711,382990.0
140776,556330.0
258,624730.0
164854,530720.0
121421,280900.0
180277,763730.0
162461,558280.0
106371,390760.0
134921,344130.0
106158,539420.0
93644,462880.0
43686,421990.0
92229,418190.0
44846,453350.0
80302,444610.0
135834,319180.0
78229,313340.0
84170,446340.0
24662,405920.0
12697,543520.0
157864,332180.0
32531,380940.0
50519,250760.0
18610,299190.0
92884,395920.0
164649,408290.0
104557,505670.0
126500,523350.0
151129,377670.0
128725,284780.0
113906,325260.0
130435,380200.0
78135,633350.0
21086,496180.0
119934,497610.0
92770,305990.0
166115,487310.0
35565,1025550.0
84016,484340.0
92457,475210.0
49293,364240.0
93790,562550.0
118186,368860.0
86055,508790.0
15094,658620.0
101281,580750.0
88505,547040.0
172849,522560.0
69425,498370.0
58402,398840.0
176016,250480.0
87174,485490.0
99193,732470.0
78171,811000.0
177089,285930.0
93972,663980.0
104426,361510.0
78565,418710.0
28544,533420.0
165726,449020.0
37036,438790.0
183255,568490.0
125204,406520.0
158118,569240.0
126023,651080.0
38579,452980.0
85818,486300.0
125540,387840.0
127649,451560.0
91665,392900.0
94005,577810.0
79558,395680.0
153443,423590.0
140366,435590.0
2379,727100.0
158708,357980.0
177562,712980.0
183803,496850.0
143896,321230.0
36430,403170.0
17881,418470.0
165070,441440.0
41360,549270.0
74785,705000.0
125572,416320.0
53673,351620.0
165615,379970.0
22522,329570.0
174765,490010.0
37182,452880.0
133759,590730.0
70899,628020.0
8214,505680.0
111683,376450.0
149286,395030.0
112400,624150.0
398,650000.0
67344,380640.0
75286,447530.0
89592,373960.0
110266,315270.0
67636,386340.0
100182,595980.0
52272,704090.0
27003,464020.0
150710,314460.0
117795,453400.0
123556,432420.0
62758,473180.0
157350,280690.0
37976,313720.0
97611,591790.0
111627,510580.0
85886,341790.0
44374,394380.0
176814,340780.0
81846,508170.0
163043,407990.0
178685,294850.0
21885,637770.0
37676,470330.0
9871,398210.0
42215,497650.0
74334,608280.0
140162,496760.0
108406,457320.0
176716,784950.0
99890,529630.0
44963,384520.0
73878,540140.0
61333,334480.0
54725,477360.0
24262,399870.0
84222,320720.0
135135,457790.0
41718,570940.0
119229,385510.0
22644,446270.0
16691,479520.0
163403,380060.0
48391,443330.0
7007,543010.0
171782,358790.0
146153,300680.0
176505,376430.0
159316,435330.0
185938,404790.0
80706,236180.0
133290,579050.0
90743,455250.0
67738,321790.0
74839,427950.0
80341,739960.0
49671,249810.0
50357,372470.0
175149,489470.0
60203,366450.0
155492,363970.0
111443,422170.0
180917,873510.0
104063,457700.0
70855,289030.0
6032,275270.0
23418,278540.0
66501,542450.0
140182,389250.0
159057,324810.0
32130,332950.0
160635,230830.0
95375,618910.0
99873,235880.0
36788,354290.0
55519,283640.0
18701,292340.0
108970,429560.0
112536,305780.0
76817,358650.0
37807,765730.0
49599,299130.0
178189,575100.0
51016,463170.0
159500,290190.0
147071,292320.0
84270,280390.0
155307,557080.0
49855,405250.0
49430,793530.0
69950,370680.0
104745,313740.0
101864,460320.0
182417,243660.0
68282,304950.0
104200,313840.0
119249,320500.0
122060,552680.0
125985,404870.0
122683,657440.0
84403,285560.0
171613,486790.0
73195,555030.0
68544,686700.0
146723,392610.0
104678,453650.0
102398,290250.0
5687,314670.0
127369,668020.0
127496,404150.0
67170,420540.0
87797,420680.0
123508,445360.0
147767,423920.0
125542,334560.0
33030,420610.0
109917,350530.0
11151,360290.0
72918,411170.0
81134,476040.0
17910,354100.0
80211,425950.0
75582,527390.0
21813,544800.0
97401,328980.0
49361,724710.0
23071,344230.0
117733,304580.0
11076,398600.0
129914,1122910.0
68278,652460.0
130651,402340.0
126373,494440.0
165863,676150.0
117882,252720.0
53962,401350.0
158162,365760.0
147898,455430.0
34506,241930.0
7159,559540.0
135255,325620.0
73991,553010.0
139433,263600.0
114745,509330.0
126561,385830.0
69408,422030.0
133961,482760.0
70520,463820.0
2832,523250.0
93449,403210.0
133757,554120.0
7876,315660.0
56198,360200.0
57200,415700.0
113164,442940.0
169363,339410.0
169332,975080.0
116316,363720.0
100795,353880.0
52554,424520.0
37132,339670.0
90400,529090.0
153338,354380.0
135441,451910.0
48833,619150.0
23918,556480.0
13300,466290.0
172784,375330.0
122421,428780.0
68043,316770.0
185424,537740.0
128160,289140.0
126503,547340.0
121764,284670.0
148703,390590.0
152195,267800.0
40064,320750.0
153878,538630.0
174364,331780.0
146017,278600.0
69015,380770.0
119469,468370.0
177662,401330.0
113023,366810.0
96805,433760.0
69289,343620.0
183394,445700.0
89157,531210.0
78688,307210.0
112819,566620.0
1872,410710.0
83234,456720.0
30628,286710.0
177533,640560.0
102484,406270.0
51532,698480.0
95784,302250.0
7941,592620.0
68678,410720.0
74261,370050.0
40013,541390.0
106450,374620.0
128854,445800.0
133552,292050.0
18721,397020.0
103110,455190.0
154271,806120.0
90478,268170.0
91497,278750.0
26073,773990.0
27618,714550.0
56805,450260.0
27982,322320.0
117995,480710.0
54702,344070.0
35293,297270.0
67671,412430.0
86920,437880.0
93671,404680.0
119222,320930.0
49812,324440.0
126937,589290.0
177688,258690.0
168308,494100.0
116538,444900.0
40102,841750.0
87424,397400.0
79604,328150.0
166163,240990.0
169786,417170.0
49567,993990.0
14620,544920.0
11182,436440.0
125829,644660.0
116789,272540.0
13323,397930.0
177576,716610.0
109446,251410.0
90691,490960.0
1018,528000.0
35707,852230.0
130557,355840.0
40182,454130.0
20140,473090.0
49629,410960.0
162756,425580.0
68559,368730.0
25637,381350.0
59814,503890.0
3532,501050.0
95388,384170.0
179135,568080.0
77254,349910.0
16512,558660.0
181437,292670.0
138120,342000.0
104730,468150.0
154107,265430.0
64760,280090.0
154967,628570.0
182297,460120.0
57624,322850.0
167468,319580.0
91451,296340.0
47464,371590.0
27585,307850.0
155475,457120.0
95370,323630.0
126938,354410.0
78038,388670.0
52280,454820.0
179162,533150.0
85388,299960.0
92637,214000.0
6705,429520.0
24501,355890.0
129276,231560.0
34584,329400.0
53087,452670.0
169361,700630.0
183784,593460.0
34950,492780.0
179656,388360.0
151081,379950.0
20717,393630.0
56187,364580.0
20729,401190.0
162894,592350.0
179738,425880.0
63921,440260.0
135762,574290.0
34939,351020.0
17482,359570.0
54724,452870.0
41790,530000.0
7657,347680.0
116600,248620.0
102051,780470.0
154062,379460.0
41485,376950.0
17870,380890.0
19488,282270.0
134002,373400.0
113888,746240.0
66570,404620.0
127580,275390.0
126900,415010.0
121539,327360.0
130185,286370.0
48895,373060.0
86158,399340.0
61508,754480.0
135009,431180.0
46307,540230.0
15483,301690.0
96984,483950.0
33808,339310.0
132978,620110.0
137286,339310.0
51994,266650.0
18216,544870.0
54756,535690.0
115776,403270.0
176127,435490.0
97501,346470.0
122085,400200.0
160159,579950.0
119961,316130.0
94672,468680.0
73269,279800.0
160783,476120.0
15718,493440.0
160409,400370.0
90030,490290.0
1842,471830.0
179577,305660.0
89730,291050.0
36034,416490.0
150836,839930.0
173130,490690.0
127819,371120.0
159751,333760.0
36191,343810.0
76267,342180.0
36130,433660.0
89585,490280.0
113673,543090.0
39756,429010.0
48643,385140.0
91233,564040.0
16531,573800.0
100013,424040.0
104100,624840.0
162092,297180.0
131279,380990.0
92979,607940.0
172333,369980.0
33689,603690.0
156295,526260.0
119955,390030.0
130759,444580.0
174735,303310.0
21111,455730.0
73941,321910.0
105615,289550.0
40055,343370.0
124639,444230.0
42021,534420.0
115208,552380.0
51443,648080.0
88710,576360.0
153847,469720.0
156531,815910.0
48479,411070.0
133897,303370.0
36669,599950.0
92808,413480.0
180396,442590.0
64945,410980.0
67795,892150.0
22891,333940.0
20816,513230.0
173093,461720.0
166339,350950.0
28284,213970.0
98002,432850.0
21509,539010.0
164907,377310.0
153667,443470.0
65301,359960.0
259,427470.0
23755,365430.0
147584,325130.0
95096,502910.0
5678,434850.0
66229,437280.0
90218,529830.0
76890,358350.0
106052,399600.0
132758,382170.0
126882,399090.0
84359,410590.0
142925,436230.0
152031,307300.0
16817,303550.0
23002,457060.0
117067,435310.0
44204,721250.0
50179,408630.0
35488,620430.0
166472,404190.0
100317,416400.0
14089,424160.0
140697,276430.0
61570,519840.0
83308,237630.0
85912,377490.0
152817,295490.0
14057,516070.0
126761,660960.0
96728,739590.0
170039,332220.0
36039,390610.0
113287,281650.0
125378,430150.0
174089,450210.0
105617,394930.0
142381,421850.0
76175,278350.0
116207,553930.0
81155,248420.0
171331,440310.0
33932,455050.0
165578,403810.0
137104,328850.0
17018,496370.0
23090,411300.0
90623,475000.0
139777,608040.0
7620,262530.0
117648,316870.0
20979,366810.0
108232,286800.0
139533,432520.0
74283,238370.0
117207,547190.0
165654,436560.0
73400,422430.0
36165,336380.0
130328,291600.0
162116,303200.0
141548,650650.0
168633,385070.0
55716,322830.0
38554,378030.0
153780,806500.0
51332,481940.0
25997,365940.0
52822,320960.0
47620,318990.0
98864,590110.0
45264,416900.0
78707,586100.0
57065,459450.0
26126,527530.0
99535,320760.0
46446,323970.0
99797,303870.0
53517,448950.0
44749,363670.0
91195,508410.0
73617,376800.0
16215,567770.0
41065,531650.0
171158,738710.0
34322,438010.0
70257,753660.0
2520,500460.0
99672,457230.0
137258,779130.0
161941,361420.0
80566,484510.0
92444,402360.0
137513,402080.0
43092,360160.0
4835,353260.0
183148,500000.0
110847,711120.0
126153,408360.0
169011,520050.0
34310,407620.0
12836,369670.0
171713,325600.0
65705,353750.0
131515,397050.0
143326,740020.0
120581,377850.0
58227,399580.0
42452,457750.0
159235,459270.0
65423,444560.0
51929,403350.0
33820,382400.0
152616,500700.0
30345,254780.0
123929,298170.0
173067,490960.0
122348,375190.0
83627,220600.0
127030,455890.0
160841,385720.0
27429,493750.0
31869,369510.0
104531,616480.0
62957,392460.0
6844,409730.0
25985,293050.0
2244,276780.0
73005,729870.0
42488,294280.0
143106,538350.0
165109,440770.0
88226,462160.0
78629,666490.0
103112,392490.0
54529,601900.0
114995,692720.0
64728,396190.0
68771,460050.0
72273,620020.0
45843,555050.0
138670,355650.0
135039,363510.0
104504,367530.0
82226,491140.0
118638,291370.0
45417,650770.0
58144,405270.0
161750,289750.0
163025,281240.0
125917,520030.0
149962,806120.0
74626,453370.0
165010,341310.0
13098,460950.0
8941,445360.0
153700,328840.0
136570,493610.0
42605,818040.0
44531,460030.0
74844,287900.0
130233,672320.0
51308,654240.0
45236,397460.0
48984,379670.0
34392,1091870.0
80607,480980.0
131745,269990.0
159257,291680.0
174248,529000.0
177357,476930.0
55427,375670.0
135996,482890.0
51947,276100.0
57453,370690.0
174125,305760.0
61650,532610.0
128402,414590.0
175668,647810.0
124316,419930.0
48462,358440.0
72984,347910.0
143777,398680.0
168194,981580.0
14238,405840.0
27894,392710.0
95122,393190.0
6011,609400.0
124023,408340.0
153575,333770.0
109644,629030.0
88928,591550.0
181011,340650.0
133496,442770.0
142522,501270.0
146356,412450.0
160398,247880.0
109459,973770.0
49399,270560.0
35371,479880.0
88492,461660.0
180391,736900.0
174504,485800.0
17790,495040.0
80937,529720.0
124038,597440.0
124604,600980.0
159225,381640.0
114681,393950.0
122243,230830.0
140942,440770.0
148564,649010.0
117425,445470.0
148652,268020.0
131449,531750.0
161892,265530.0
64717,411920.0
52686,412820.0
27624,388080.0
142876,392150.0
53144,446480.0
23296,510080.0
93613,377300.0
91576,562070.0
36769,529370.0
85880,347740.0
39434,470900.0
111006,462220.0
48807,256670.0
111956,274790.0
94935,397680.0
7625,230990.0
43077,666470.0
120601,959160.0
86643,555840.0
58914,251460.0
167664,703670.0
151022,522330.0
67616,463320.0
40132,533710.0
176508,314640.0
143744,404540.0
182856,314400.0
177105,248810.0
154548,427660.0
43868,242940.0
48375,566860.0
101546,876600.0
104433,737530.0
149616,495310.0
27942,393120.0
74591,572530.0
160920,556990.0
24192,409350.0
35803,416620.0
172738,678030.0
185781,344190.0
40777,329200.0
134622,485420.0
18457,557170.0
103742,413930.0
145366,439710.0
35521,702220.0
124027,328280.0
64804,524800.0
184642,426070.0
172289,414690.0
100166,637800.0
5669,364350.0
61738,433580.0
88270,304830.0
85049,556310.0
14245,608620.0
132037,564600.0
26017,348260.0
38600,516280.0
16172,469740.0
54420,601620.0
144959,439260.0
156299,281770.0
177100,356090.0
44580,428780.0
65470,522340.0
2891,397330.0
167051,707560.0
54754,510450.0
92495,426120.0
150157,520590.0
23994,287860.0
13404,414370.0
27642,425190.0
114269,283190.0
75213,365340.0
155010,277570.0
185310,402190.0
152216,340060.0
40938,409370.0
10327,327510.0
30944,339230.0
81738,373550.0
146036,646450.0
36266,438540.0
103479,314390.0
38607,452550.0
99311,296260.0
101622,468110.0
91813,258060.0
37996,360940.0
7951,390050.0
53163,443510.0
114786,408420.0
59288,362480.0
156894,461670.0
146034,397940.0
144387,439730.0
99170,400590.0
58810,532390.0
32852,457510.0
72541,401870.0
20950,398510.0
102477,295790.0
36584,357050.0
47534,587460.0
134660,264060.0
100055,360570.0
147235,414030.0
95534,399280.0
166016,451490.0
8874,415740.0
786,461810.0
172971,401420.0
139648,370480.0
25994,349960.0
156354,679380.0
82130,470370.0
174287,481970.0
105254,706740.0
67622,417730.0
13835,942480.0
40309,522100.0
80994,609920.0
153332,335030.0
71734,336080.0
69415,560250.0
67241,503860.0
53712,393120.0
64922,457890.0
115626,694940.0
109039,606010.0
109887,434520.0
44861,360470.0
48538,410710.0
77283,285480.0
60879,408390.0
102818,377740.0
140980,520400.0
44289,313100.0
153879,588560.0
45804,319570.0
182653,314640.0
166665,468420.0
178124,410970.0
119845,370650.0
36849,327710.0
150627,556620.0
68850,277260.0
25096,539190.0
36697,679380.0
68871,606140.0
157453,505940.0
100057,483310.0
34607,588120.0
83136,461510.0
29828,359890.0
73671,524930.0
89917,701060.0
148838,475630.0
154523,308700.0
6240,303870.0
103092,355690.0
162831,660830.0
165433,402230.0
25891,469030.0
134567,359370.0
5109,408360.0
136517,448190.0
54550,330100.0
110543,369320.0
141297,458780.0
170274,436680.0
121389,344710.0
12866,352330.0
54891,419990.0
46190,495290.0
161888,303010.0
85180,476830.0
71606,448470.0
90001,514150.0
16038,404860.0
104030,324730.0
52291,868040.0
139290,515100.0
15340,521070.0
36074,724600.0
173159,358300.0
50095,380510.0
114548,429880.0
35132,222290.0
135276,424210.0
109895,491470.0
176527,543840.0
5142,333620.0
75536,242610.0
30629,259240.0
165519,351020.0
33641,577650.0
148246,456750.0
407,354870.0
40106,324970.0
122225,459840.0
162927,396000.0
84703,305800.0
122992,637340.0
85586,563990.0
151505,348260.0
173821,444500.0
115252,359350.0
184500,299110.0
31911,584950.0
130605,652450.0
151987,517400.0
50807,372670.0
179429,453700.0
63871,378690.0
122611,460560.0
182992,627590.0
78435,284010.0
37006,285840.0
88962,403730.0
159441,551550.0
38559,280310.0
153425,705650.0
155099,428890.0
863,660020.0
42763,301550.0
17197,373080.0
14870,308200.0
176892,698200.0
106701,387290.0
74246,257530.0
73765,337600.0
87593,466150.0
34220,444250.0
150294,289730.0
65057,835580.0
139277,285730.0
153488,434800.0
55449,331420.0
121453,477900.0
35044,440860.0
175158,519830.0
84155,497780.0
167254,319340.0
124629,694770.0
123250,612640.0
74437,534420.0
38371,296270.0
15981,490670.0
109907,364770.0
77956,605990.0
137757,443390.0
52557,364280.0
157600,423550.0
1723,342490.0
165000,442020.0
35323,533870.0
18416,340870.0
16246,567430.0
22864,475100.0
79857,263570.0
164004,311580.0
137263,291130.0
84978,515950.0
180701,439310.0
38563,509910.0
136149,356640.0
89454,399870.0
162911,375380.0
10212,497970.0
13482,293560.0
106024,305170.0
59508,649750.0
113457,524060.0
154656,521150.0
183408,470810.0
138245,599140.0
65646,291830.0
25187,555680.0
127906,354120.0
185518,454850.0
39790,435970.0
70702,311830.0
51079,610010.0
119472,722060.0
42723,363020.0
79531,412930.0
88623,352530.0
80864,304200.0
59241,516640.0
55306,328210.0
86069,538350.0
73517,537890.0
58567,393080.0
163422,469690.0
90794,536840.0
176288,376750.0
85587,316430.0
136403,256970.0
131077,393830.0
18636,662720.0
124059,551240.0
180226,329380.0
168898,528550.0
160571,381440.0
115718,301860.0
136150,649240.0
96375,477450.0
99056,261430.0
128581,422930.0
39136,422100.0
91689,355290.0
123308,498900.0
131117,293800.0
11833,558940.0
42130,515370.0
73560,503160.0
151457,354420.0
55209,316090.0
56820,426360.0
132901,476840.0
70603,343480.0
114794,676300.0
13355,311050.0
145014,491120.0
20226,442530.0
43809,290180.0
125107,461390.0
42015,379460.0
105898,638360.0
26620,562280.0
149651,397380.0
35069,631460.0
112373,294780.0
82363,336830.0
116930,552300.0
42045,514140.0
77026,406330.0
33567,623150.0
51028,603750.0
140145,229510.0
69286,356300.0
99433,578150.0
149899,374900.0
27046,469330.0
162636,554450.0
155266,613500.0
60153,445600.0
24351,568540.0
89437,476090.0
20843,355070.0
97088,397180.0
129238,501800.0
160038,321930.0
112985,401140.0
43028,310280.0
136653,448690.0
173848,417730.0
60867,740390.0
158580,383360.0
43158,492030.0
33524,822340.0
9617,420050.0
109457,438470.0
131502,616090.0
6838,480440.0
151314,363470.0
3950,896370.0
49879,393090.0
59024,417430.0
88899,643390.0
45854,368650.0
50501,387000.0
14998,386920.0
122019,595820.0
5611,497010.0
116237,402910.0
14001,273390.0
16492,582780.0
184854,572940.0
130223,463160.0
132729,284760.0
28483,419800.0
117975,442120.0
149557,715580.0
110723,332630.0
54531,502880.0
117527,406710.0
119862,483970.0
53273,515500.0
108381,572530.0
185759,401880.0
50027,493200.0
101394,732970.0
154587,354920.0
71698,409000.0
88585,412890.0
180979,425440.0
74716,447590.0
165848,623840.0
134557,307120.0
51642,528450.0
178810,306290.0
8706,553210.0
93484,544780.0
143981,563770.0
36015,543480.0
108910,480730.0
96597,411690.0
24460,432320.0
127464,263940.0
81873,290380.0
133032,323030.0
6924,358520.0
151866,494330.0
3031,252620.0
75250,361870.0
15001,342780.0
141931,437990.0
167133,917130.0
51851,315170.0
168660,425970.0
62854,747600.0
172309,565670.0
128970,254070.0
115565,387100.0
158283,348380.0
69449,318760.0
12502,448710.0
125287,350540.0
17304,435250.0
109423,398560.0
178038,412560.0
82043,337740.0
2330,489260.0
42151,386790.0
23456,382320.0
143219,238440.0
59606,523900.0
47091,583230.0
11743,666110.0
123342,588270.0
38337,407380.0
21383,224960.0
21297,437770.0
44704,305050.0
48797,766620.0
124183,331340.0
17694,373330.0
13485,302020.0
18646,461090.0
35390,455230.0
122473,556380.0
62306,603020.0
170330,465070.0
57607,404330.0
71097,728560.0
172371,401350.0
55868,669920.0
17040,823670.0
180784,430780.0
34727,808720.0
139728,409880.0
127754,585800.0
89333,518280.0
67293,383010.0
53559,546000.0
23985,341010.0
19284,635120.0
8410,282540.0
36564,533390.0
139490,355040.0
142955,311320.0
185419,269730.0
41295,338060.0
32927,432600.0
39851,282360.0
173333,511980.0
182842,630700.0
99824,663990.0
115627,579460.0
100926,397470.0
152814,584960.0
64409,561240.0
13072,381240.0
76619,587170.0
74980,691030.0
21320,321640.0
71799,793870.0
109162,300060.0
110336,420240.0
118299,706970.0
166359,575090.0
3094,559350.0
10951,345240.0
59141,442680.0
49032,513100.0
32575,297270.0
54261,367740.0
65456,520630.0
36262,435540.0
165133,456830.0
22526,394690.0
128556,560040.0
72512,466890.0
174251,391420.0
181466,591240.0
4817,676350.0
160664,591530.0
126264,558990.0
127201,309630.0
145933,344550.0
49795,459910.0
46883,443930.0
70038,397650.0
114005,460390.0
96412,235510.0
35363,419970.0
154884,399990.0
162355,403270.0
52841,517260.0
72474,298130.0
7897,295860.0
59556,409950.0
81628,467110.0
1625,477820.0
7477,475510.0
102267,360810.0
75658,354050.0
4189,370310.0
43160,259640.0
131325,335670.0
2779,362470.0
6427,442720.0
119597,324400.0
121222,319160.0
28978,472320.0
31698,781590.0
88172,345870.0
22328,778810.0
1002,499730.0
157526,390860.0
87064,520000.0
59364,398160.0
95083,465680.0
77773,485780.0
91788,267750.0
55894,556720.0
89874,320340.0
53292,486330.0
25462,769230.0
165340,396970.0
141550,722080.0
33242,354640.0
82484,422370.0
6125,438720.0
92827,305990.0
166549,443870.0
38303,545470.0
29100,347410.0
46817,442930.0
7950,296300.0
53575,653660.0
46378,586570.0
91168,294290.0
22732,557750.0
177776,250310.0
168838,577390.0
96052,598130.0
85545,269600.0
122448,483580.0
42550,492840.0
59851,586820.0
178548,910690.0
78388,530870.0
121607,295710.0
135025,391240.0
150566,584660.0
90836,370300.0
153808,261240.0
168757,343990.0
147290,680400.0
27787,270800.0
94523,323920.0
144131,435120.0
175739,383010.0
80779,406510.0
182989,254150.0
100675,430210.0
5825,425710.0
165836,245560.0
57368,389760.0
174158,413970.0
70498,367160.0
179112,511310.0
91077,477280.0
55594,393170.0
74796,832840.0
125394,813440.0
115341,787080.0
158825,376990.0
21965,477900.0
96822,350360.0
184831,367370.0
112807,413740.0
97597,379660.0
75466,437950.0
169334,307490.0
55143,356620.0
28292,325770.0
155193,468640.0
32193,518990.0
153146,315630.0
124376,371950.0
152359,417310.0
107591,578110.0
65449,400810.0
175396,276180.0
78847,659550.0
165356,278630.0
135678,505790.0
147315,577890.0
55245,303630.0
171076,612660.0
28779,361810.0
121034,397540.0
115939,567560.0
118439,564750.0
133478,380590.0
128640,528620.0
31245,489690.0
138769,414370.0
792,472350.0
119763,410760.0
5900,625320.0
54440,499370.0
11693,383750.0
41926,436170.0
74782,520010.0
175216,350340.0
71231,354280.0
131352,369570.0
13397,530670.0
145185,520190.0
177760,387050.0
84273,297810.0
159708,352490.0
38039,536940.0
27541,397850.0
15719,249970.0
19618,529650.0
68477,270380.0
93739,337020.0
40890,867790.0
143633,783550.0
1816,323920.0
40310,349150.0
97431,334140.0
131812,572350.0
30398,680340.0
43786,393990.0
183118,414330.0
38185,389070.0
23289,750430.0
102816,452770.0
56272,436200.0
29223,486590.0
106596,582320.0
157362,491040.0
8372,325290.0
129300,431800.0
29730,281430.0
170391,290140.0
124835,490600.0
17412,314860.0
147597,408420.0
33686,539770.0
68855,384820.0
183333,551980.0
1569,301910.0
142895,324630.0
141803,411470.0
95997,369220.0
128095,412960.0
61173,487880.0
96661,492610.0
113998,531580.0
40154,452360.0
65455,900700.0
152847,373390.0
71322,369230.0
9458,457790.0
24004,381560.0
84209,418060.0
134375,767580.0
49501,561900.0
169746,331430.0
144543,447250.0
106656,463710.0
115326,208190.0
104263,280990.0
5572,626340.0
55611,846030.0
177773,336360.0
34426,309010.0
79056,331810.0
34437,834640.0
139028,328830.0
106417,450670.0
1135,513580.0
80841,735150.0
7915,441160.0
44647,455020.0
144815,402840.0
121885,218160.0
76665,498870.0
12569,293750.0
96008,641460.0
135701,429400.0
172578,470350.0
13936,479510.0
98860,335370.0
26139,768620.0
102521,368170.0
28599,565370.0
44129,535190.0
78687,388110.0
102331,313090.0
129000,455700.0
181742,318880.0
27957,401250.0
119554,356950.0
53795,274920.0
7281,473880.0
40843,386400.0
174377,254350.0
129756,369230.0
171384,486380.0
35082,372260.0
45037,476620.0
100575,443970.0
136577,589930.0
55317,376960.0
154581,409570.0
123944,422830.0
149710,445380.0
119639,427030.0
118986,394100.0
35054,498610.0
58335,271080.0
139541,365470.0
114222,393220.0
28969,399900.0
53894,707050.0
157198,775560.0
166394,462480.0
129076,361210.0
3593,326700.0
174858,372320.0
26390,495190.0
106375,388350.0
93826,386760.0
82485,284020.0
155920,498560.0
30426,424380.0
27296,380160.0
93879,859510.0
37478,323970.0
40488,556480.0
8806,328550.0
47935,462700.0
5091,364950.0
62101,396270.0
111902,412120.0
103825,469860.0
67071,230470.0
79414,684540.0
57644,249900.0
30630,497020.0
71791,410440.0
166837,290540.0
29835,532580.0
152267,406810.0
100684,495110.0
63333,403190.0
66149,389700.0
124436,375460.0
114233,368480.0
171692,460840.0
69243,420850.0
150325,569000.0
18199,456500.0
31075,543500.0
62511,286070.0
157388,470800.0
150223,1095730.0
47753,910420.0
138316,508810.0
87325,339310.0
167263,788230.0
167577,597640.0
66999,475640.0
54673,241310.0
138343,503870.0
40579,259760.0
89290,274710.0
61638,329160.0
108243,367690.0
649,724770.0
40476,485030.0
146434,453320.0
102808,669290.0
145261,396840.0
173061,433760.0
109460,451850.0
52795,486180.0
153802,441140.0
7335,304350.0
151836,597600.0
142337,395030.0
59310,445360.0
173957,423580.0
128979,270660.0
98779,507190.0
124905,631120.0
183060,339030.0
139784,627740.0
96075,561990.0
87050,471710.0
181005,559060.0
61386,669690.0
839,625100.0
67666,542230.0
46299,793480.0
9294,501180.0
157522,511950.0
55169,498060.0
120463,382830.0
166159,383360.0
4929,558150.0
142254,365500.0
13926,510840.0
166246,460970.0
107516,673590.0
84507,417230.0
18896,633310.0
1367,475140.0
163106,286550.0
102340,775500.0
20017,315520.0
15392,358520.0
176404,398110.0
12156,333040.0
115395,368590.0
159759,491090.0
42787,335280.0
23946,549890.0
42707,598030.0
162506,432000.0
23705,429430.0
39541,476820.0
176534,433990.0
139764,287750.0
53798,517720.0
5677,687500.0
169608,470590.0
138763,443670.0
6644,367390.0
141684,552150.0
97303,638020.0
12871,413780.0
167454,593930.0
123648,655090.0
126946,592690.0
126974,350420.0
138607,471240.0
115201,786340.0
82685,402750.0
182953,330970.0
50485,302660.0
17136,544530.0
20437,658930.0
50632,415590.0
135854,381630.0
128846,344260.0
127632,316260.0
90842,471260.0
131090,363500.0
65623,368100.0
24514,830570.0
173491,669480.0
178777,439230.0
104866,311830.0
5228,323920.0
155275,326250.0
152147,312990.0
142708,357360.0
9567,407550.0
138297,295410.0
49294,525670.0
44636,314600.0
99065,483440.0
99104,373530.0
162270,261980.0
74209,418040.0
69376,414680.0
147810,525940.0
10177,657080.0
179786,440950.0
89748,376650.0
90816,527760.0
116265,339960.0
50512,386940.0
125996,311460.0
154481,505590.0
88898,513500.0
74851,473350.0
127535,402940.0
119428,455770.0
5851,435410.0
90429,590900.0
38412,398000.0
85715,677960.0
32472,403240.0
101807,435800.0
139838,455480.0
139737,358740.0
58621,415550.0
107496,307060.0
149187,256860.0
161140,536210.0
73789,443510.0
14774,415230.0
29741,609620.0
168497,567220.0
183871,429650.0
161951,372510.0
171892,696890.0
15030,413450.0
31769,789340.0
179649,503920.0
140818,352140.0
102266,326970.0
108424,357380.0
72193,306090.0
129711,454770.0
44591,269820.0
25018,454980.0
110391,278920.0
18937,270610.0
64197,465040.0
49979,480200.0
27413,733050.0
156981,230650.0
68288,512120.0
16938,538780.0
56125,626880.0
139185,311550.0
164981,454860.0
185267,417190.0
71174,520910.0
148065,749000.0
108000,322320.0
149935,342820.0
141859,552920.0
91358,600160.0
83836,405300.0
102807,477550.0
151651,462720.0
9227,217370.0
179662,599740.0
145216,679540.0
20856,289500.0
128658,357270.0
75341,627620.0
171681,476580.0
67971,537780.0
30599,338620.0
154173,277810.0
72082,419390.0
24211,329390.0
136606,327550.0
92244,579270.0
37903,375880.0
147044,287830.0
180156,331700.0
25084,201700.0
139132,408340.0
148264,666120.0
43599,331860.0
1044,414780.0
34589,501130.0
82867,343000.0
158925,382470.0
146733,520400.0
72523,405600.0
131131,367190.0
106459,794530.0
174419,421980.0
31040,329090.0
184563,370880.0
175261,475480.0
1870,384130.0
119599,413980.0
5845,491060.0
35429,370680.0
68824,634310.0
99024,426200.0
16633,843930.0
125478,476940.0
101159,375840.0
63175,398000.0
82187,512460.0
185720,369330.0
71372,411380.0
174963,399740.0
185025,489410.0
117767,652580.0
166607,525330.0
43464,290350.0
175907,374380.0
74664,425500.0
138894,393650.0
90628,460150.0
181969,375570.0
144335,507400.0
148955,424490.0
18031,443660.0
124828,286000.0
76134,296570.0
169488,358300.0
19158,468040.0
55340,425160.0
44055,353440.0
49598,573730.0
172375,281120.0
152210,418000.0
52800,340790.0
94048,333390.0
171385,416620.0
149105,306350.0
79563,330790.0
121941,523080.0
874,330410.0
39990,285980.0
92395,725440.0
40007,612960.0
168233,243350.0
6130,453110.0
94913,349390.0
43448,371320.0
140885,594270.0
133579,410110.0
41345,198190.0
29638,406610.0
57519,409000.0
36466,277100.0
146242,511900.0
39329,477350.0
62208,417490.0
170838,417410.0
127840,326810.0
14826,433680.0
74198,322500.0
140109,455730.0
9942,683050.0
158331,323680.0
28610,411980.0
30974,739590.0
52770,355560.0
145525,447510.0
157667,818070.0
49676,392590.0
17817,640350.0
40569,476460.0
1675,386500.0
164257,243840.0
57717,445540.0
194,410760.0
32023,498290.0
166442,371520.0
135707,442110.0
46965,365900.0
136078,418980.0
115575,379510.0
27550,429120.0
73182,251270.0
101153,388000.0
105658,403380.0
48757,454710.0
123755,251370.0
48140,477850.0
184568,301590.0
71710,439840.0
41066,293600.0
8824,403790.0
44487,448740.0
1352,223950.0
39391,406440.0
7415,379990.0
91709,403620.0
21419,295010.0
135317,321450.0
51497,358310.0
136596,963400.0
167034,507530.0
34726,451500.0
109393,534280.0
167588,445010.0
22351,266450.0
19693,554910.0
149746,399490.0
81809,518630.0
69487,351850.0
153863,613770.0
184327,396360.0
20348,462140.0
12656,572460.0
61079,863440.0
25518,351900.0
47116,387450.0
100550,509860.0
137612,495310.0
183313,540670.0
144210,420730.0
20732,530040.0
24446,434290.0
125187,526400.0
28230,503640.0
25000,384490.0
14489,645140.0
39174,418650.0
57847,643250.0
141308,403520.0
138110,477350.0
146714,470480.0
141153,362240.0
36002,373850.0
119093,398350.0
76502,367500.0
66607,291040.0
121238,353780.0
108227,262700.0
183882,331390.0
110808,421120.0
92560,403200.0
41863,322790.0
20033,388910.0
94952,367880.0
139102,532200.0
139330,406110.0
95613,326790.0
174059,416570.0
96641,357370.0
167568,1192370.0
39403,347500.0
85629,491870.0
47358,655160.0
143131,344110.0
2686,419120.0
78519,424340.0
7518,310140.0
117306,503600.0
12844,311100.0
169928,725920.0
9485,395370.0
136248,353550.0
20340,538610.0
161814,327990.0
36166,672360.0
107810,378680.0
93127,479570.0
155018,448370.0
95899,370080.0
79091,407860.0
30564,530910.0
45753,404330.0
178814,826910.0
36544,572320.0
160074,298170.0
100308,398000.0
93349,330310.0
169941,470830.0
61481,315310.0
120495,298780.0
173359,254750.0
16716,453600.0
136178,308330.0
127511,541930.0
109755,470520.0
48784,274100.0
56462,587630.0
42531,584130.0
78864,419320.0
6437,320730.0
105058,660650.0
160862,243820.0
11860,547710.0
53805,457300.0
5246,695650.0
37726,529070.0
116675,492140.0
20744,871360.0
135915,275230.0
3456,498080.0
49239,412010.0
134183,433420.0
124084,358940.0
22572,382030.0
107653,472280.0
155487,352740.0
45902,316760.0
64436,507530.0
157871,730640.0
78427,364760.0
103923,497010.0
140075,452320.0
7089,491730.0
33214,386090.0
83789,311390.0
146692,384780.0
74477,308880.0
113825,397070.0
127045,429040.0
60561,674660.0
42088,408610.0
151589,545550.0
183687,511780.0
58512,315370.0
69997,333430.0
72006,308730.0
111389,545990.0
113549,261230.0
128028,423120.0
152631,415370.0
46779,495470.0
127805,321020.0
14884,321290.0
75813,427200.0
92195,481700.0
136709,613400.0
170853,524000.0
78141,583600.0
38446,420660.0
86241,506730.0
95434,1042820.0
14810,496080.0
159661,393680.0
66455,678500.0
100289,318120.0
152969,734540.0
94575,595080.0
133819,559260.0
184410,1014020.0
103542,550340.0
159800,431270.0
112280,584680.0
115504,467220.0
6703,353730.0
184549,571630.0
170245,441200.0
80886,583090.0
172873,447020.0
11578,310790.0
31442,388250.0
60930,666350.0
36049,248950.0
107596,424060.0
66831,360340.0
24064,362940.0
157148,514220.0
5249,540840.0
182173,353530.0
78244,427190.0
27738,260370.0
171871,502910.0
99930,712290.0
134077,528180.0
74268,427470.0
64897,322200.0
21780,545080.0
120310,487470.0
19509,377260.0
130251,375520.0
39175,805400.0
162122,340290.0
98112,336840.0
7289,546770.0
67654,608780.0
157245,374790.0
20417,547750.0
117035,454040.0
63168,433020.0
164350,474060.0
78639,357110.0
10975,406490.0
37312,451570.0
171654,644420.0
99811,366300.0
177619,395010.0
161779,444800.0
59934,473740.0
71986,473050.0
124054,399310.0
30749,668730.0
35524,563500.0
39686,728900.0
160896,401100.0
1054,285880.0
32634,438760.0
93411,283030.0
153058,550940.0
102591,515250.0
92060,963900.0
125291,398840.0
164744,424670.0
176003,479250.0
141636,644140.0
66358,699770.0
26685,402300.0
162679,591820.0
176532,451620.0
168677,266240.0
17597,447990.0
133706,272090.0
82662,486870.0
173330,404220.0
100687,666610.0
107554,346770.0
155898,530330.0
127764,492480.0
135091,295170.0
25557,400920.0
131463,279610.0
181980,391290.0
178545,289570.0
54866,375930.0
5647,514100.0
38022,279220.0
112696,457100.0
123789,340670.0
70793,455570.0
176683,528210.0
118497,367840.0
84022,633160.0
17155,552320.0
86686,334780.0
91301,648820.0
149145,385890.0
20694,453540.0
127360,899110.0
124983,986780.0
165438,891830.0
178586,378020.0
80459,725920.0
126647,646110.0
40602,513300.0
66629,675700.0
160851,414790.0
164844,451220.0
109083,623880.0
130818,332570.0
124564,419900.0
14896,226080.0
20917,516390.0
79398,374150.0
55433,305040.0
154700,522440.0
67477,333280.0
110879,237990.0
151747,466880.0
74746,387670.0
165427,310330.0
157643,405910.0
68548,433540.0
31525,527990.0
75471,294700.0
89234,365400.0
71297,610880.0
87697,461420.0
4245,647430.0
57704,410150.0
28291,473050.0
14078,571430.0
57957,745390.0
166300,382000.0
111388,492200.0
31894,475230.0
156989,409680.0
65998,431380.0
46649,420500.0
57887,304940.0
32435,480190.0
110144,372790.0
151735,294210.0
79311,377080.0
81331,297900.0
32917,322780.0
37139,399890.0
35655,347600.0
43427,523640.0
121900,451850.0
130181,458620.0
30276,327790.0
165446,321550.0
43910,481000.0
62993,363270.0
8554,551500.0
164272,732310.0
92171,314230.0
49357,469720.0
166587,419060.0
29940,230250.0
36528,575030.0
136896,260100.0
121427,486390.0
7243,331650.0
145287,301920.0
105460,313380.0
21731,398560.0
74110,258840.0
37463,640410.0
84391,418400.0
129512,471840.0
121136,851480.0
83561,686440.0
130499,291040.0
51869,365200.0
82642,619000.0
86240,373120.0
138791,438320.0
49161,155650.0
93756,560010.0
108990,466790.0
164571,323610.0
185174,494760.0
55,451320.0
60804,785000.0
75000,460550.0
112156,302260.0
94638,516500.0
53196,471810.0
56174,284520.0
42482,389900.0
14833,528680.0
9120,420740.0
98190,397180.0
51537,516490.0
93881,359600.0
93253,336630.0
147946,727150.0
56768,545170.0
159929,485150.0
6301,666150.0
39101,687980.0
62246,381270.0
82760,328010.0
173971,430060.0
168573,391420.0
2165,335500.0
88462,450170.0
112590,364400.0
22206,347500.0
176742,628930.0
145169,318260.0
2913,269720.0
88825,377150.0
29425,439150.0
135323,316020.0
127661,328790.0
164215,753220.0
103777,517330.0
32835,303870.0
71257,351560.0
6915,319400.0
171532,670210.0
60991,285050.0
17104,506430.0
18383,538910.0
11036,295600.0
127777,322480.0
66379,523460.0
157965,450090.0
152071,636470.0
43836,334800.0
19239,300770.0
125723,347120.0
141653,397770.0
119492,564490.0
1170,487420.0
127195,535850.0
98338,512000.0
2068,443340.0
151241,559130.0
110636,350960.0
62584,408960.0
29645,621850.0
35333,489980.0
136501,394540.0
124227,481920.0
69987,433530.0
72109,210130.0
82158,419000.0
7128,599540.0
83663,559670.0
154458,314640.0
172975,413200.0
167556,509000.0
21025,330110.0
12078,545510.0
82870,499060.0
5235,454210.0
110908,396850.0
84323,336540.0
26557,339050.0
31001,282920.0
17644,355800.0
135825,463240.0
90441,523140.0
41638,390390.0
125902,418670.0
102952,521300.0
35124,388680.0
169149,240950.0
167080,327930.0
116395,820160.0
34530,415050.0
160918,708980.0
83071,364960.0
69760,523080.0
61025,735620.0
87742,720990.0
159620,827680.0
173274,296170.0
50108,377720.0
174422,792460.0
142977,577220.0
92581,427340.0
123846,374950.0
100394,692580.0
141339,304620.0
160136,422140.0
42219,361620.0
91826,352650.0
40931,325800.0
62087,472760.0
115023,608680.0
112484,418350.0
73194,297400.0
169907,453230.0
35712,418420.0
42252,383510.0
175028,279090.0
80854,397100.0
155382,307630.0
132852,570910.0
43717,465770.0
97506,347960.0
1383,439580.0
26834,430150.0
20900,442000.0
119174,287760.0
5604,381150.0
121096,709850.0
59027,466300.0
66659,311110.0
138098,625460.0
75270,401960.0
182920,249210.0
164175,354140.0
54512,400220.0
91203,521210.0
175631,323260.0
166970,306520.0
183704,266970.0
119436,357430.0
110627,506000.0
36090,451440.0
94613,542590.0
112035,312780.0
44283,331280.0
53765,495290.0
79437,309140.0
55452,310110.0
46343,319140.0
70898,347780.0
139120,293480.0
165558,451940.0
15489,464880.0
142412,278120.0
142762,595780.0
80742,377980.0
142109,288440.0
124019,387350.0
61117,430490.0
150989,417370.0
167654,579160.0
133806,309810.0
110866,607140.0
126576,242310.0
42217,342010.0
120820,350350.0
1927,478670.0
362,437570.0
135127,401370.0
146051,438050.0
30789,561110.0
11352,517680.0
151824,349680.0
95298,474250.0
102017,671490.0
47568,452340.0
157140,284620.0
73614,538730.0
22065,351890.0
58176,412780.0
180852,389030.0
107030,327580.0
99483,464290.0
6750,330860.0
36863,403970.0
87743,519440.0
63230,225960.0
138047,677190.0
44428,333380.0
147506,375770.0
166802,401420.0
17191,574320.0
148773,559290.0
153518,877570.0
181816,318420.0
166079,623450.0
97191,370940.0
172926,387330.0
63143,286720.0
2038,432230.0
125153,754430.0
58283,367610.0
10218,509070.0
12243,436840.0
78234,455350.0
173311,311560.0
122571,698390.0
23434,675740.0
123216,458050.0
92153,516300.0
84214,305840.0
61591,450360.0
106493,648680.0
85327,432760.0
18212,303770.0
147598,303370.0
78776,274610.0
169898,591370.0
102119,553870.0
104002,648130.0
165394,306710.0
96043,347940.0
72763,455530.0
134305,428140.0
145667,400040.0
179301,407960.0
499,552480.0
28847,231950.0
151249,526080.0
178430,672010.0
167367,694810.0
108495,735520.0
36919,315010.0
6845,319090.0
165461,455380.0
7684,472660.0
138726,378450.0
96286,424760.0
94641,475350.0
94681,484420.0
182944,486640.0
73391,492990.0
114381,335680.0
168438,406120.0
60618,278860.0
158726,446140.0
127483,629720.0
92518,257800.0
46450,500710.0
177609,616100.0
105448,336750.0
113167,319500.0
66822,355870.0
53280,388370.0
162586,255310.0
181636,356540.0
35605,546720.0
72880,651240.0
149825,520310.0
82377,406490.0
89775,360140.0
97899,395430.0
51522,427760.0
91666,418480.0
156079,470640.0
177787,285870.0
67486,281890.0
92965,461430.0
22909,545270.0
129387,572550.0
170169,445730.0
125469,402050.0
75066,579600.0
69752,333070.0
181710,437960.0
13594,282590.0
95580,380680.0
164558,652690.0
35140,492620.0
82345,347850.0
137674,546130.0
83521,489700.0
6831,423330.0
123215,452970.0
88572,534090.0
48763,378650.0
58361,544000.0
115244,300040.0
14730,415390.0
57162,319860.0
157816,372250.0
35945,343460.0
33822,420190.0
98123,492100.0
59104,497170.0
21204,463910.0
155979,444430.0
33968,444460.0
85420,410960.0
113291,433550.0
165467,475630.0
20826,435350.0
135595,301320.0
98570,421880.0
52758,282540.0
152517,364170.0
182585,507120.0
64881,530390.0
177177,218050.0
39382,496530.0
115610,350280.0
49391,529210.0
118671,545920.0
70247,454320.0
28191,394300.0
50795,395970.0
140701,394260.0
134639,468110.0
105764,328610.0
5266,514070.0
120908,369430.0
78539,377680.0
174030,697820.0
61477,542160.0
159918,472970.0
50333,612610.0
22403,573980.0
61178,258960.0
15934,634650.0
26174,375010.0
139867,386460.0
72851,560850.0
75635,257760.0
165169,246660.0
107621,351610.0
26726,315240.0
88610,388540.0
121145,474760.0
139883,473890.0
115967,361780.0
151508,319910.0
183355,659610.0
154050,403860.0
170949,703230.0
146378,396760.0
44564,421320.0
521,415190.0
84686,529300.0
173667,533840.0
23180,516130.0
15104,423570.0
24721,442800.0
15279,543610.0
177167,476000.0
75055,512150.0
89515,257080.0
31732,421790.0
96124,306640.0
23504,870480.0
82548,225930.0
77619,474620.0
87511,456600.0
55228,686700.0
149771,395750.0
5628,301300.0
117247,446980.0
167010,567020.0
34932,453780.0
106281,422340.0
30716,416990.0
155631,376420.0
139934,403800.0
173085,267640.0
23838,775180.0
69958,726490.0
168731,418150.0
72222,287470.0
26812,548590.0
153627,276870.0
92033,693300.0
82587,461100.0
162463,378900.0
91291,448320.0
89800,245950.0
93147,441210.0
181127,285730.0
123122,536550.0
176781,335190.0
4725,332430.0
111435,494240.0
136049,441070.0
78216,575190.0
119506,225920.0
21804,387520.0
92341,457570.0
106593,312680.0
109709,343350.0
178513,380510.0
83798,404830.0
74779,498160.0
108031,311650.0
120278,437950.0
16275,377370.0
60045,359160.0
159408,475350.0
12824,430080.0
87329,388300.0
76463,550250.0
141058,380450.0
31908,418110.0
151315,405990.0
159612,451000.0
179212,619910.0
179782,313480.0
86478,323100.0
58843,303390.0
85111,571610.0
496,371070.0
71287,613360.0
15624,449590.0
142681,798880.0
177439,349380.0
172429,342750.0
57871,588630.0
11503,745560.0
113511,256030.0
115172,716750.0
100313,560490.0
173991,414650.0
162943,572940.0
17979,363260.0
66755,776440.0
64883,424900.0
53526,426430.0
4904,369610.0
16693,505400.0
27546,368390.0
49192,302190.0
76723,369610.0
84367,321450.0
135722,451670.0
154586,607460.0
65108,480840.0
159109,353370.0
13412,391010.0
175407,381120.0
59946,324780.0
176353,399430.0
109316,287250.0
173981,289650.0
169936,371820.0
138647,459250.0
120631,385990.0
22707,532830.0
182069,404440.0
2444,440340.0
64780,523630.0
140899,553050.0
166941,302420.0
179688,328750.0
114778,545100.0
79153,396370.0
17814,245790.0
92200,706360.0
20053,645420.0
81053,272760.0
172466,701250.0
109247,466630.0
113531,409790.0
19682,564410.0
6377,232500.0
140088,368620.0
16188,457710.0
167105,718860.0
54089,341900.0
151055,384880.0
182782,379550.0
137334,290620.0
184035,320480.0
69196,332790.0
87009,336760.0
93977,465110.0
118496,577550.0
101653,392460.0
158593,383250.0
128194,487180.0
133930,467800.0
178311,315040.0
144972,324610.0
102719,420940.0
119523,658460.0
131551,457720.0
134480,587230.0
3494,425930.0
121540,663910.0
47253,570400.0
78944,498850.0
53973,378930.0
116332,299160.0
6778,515560.0
56170,534980.0
84139,634100.0
166412,429740.0
7478,584520.0
122971,633410.0
5519,419490.0
156218,347780.0
38630,463720.0
110417,687720.0
121747,607840.0
170525,757460.0
139909,688610.0
57746,523670.0
32018,469690.0
25587,963360.0
14,457660.0
62783,546800.0
101207,435960.0
80414,284520.0
58484,551920.0
129361,505300.0
153293,357150.0
22954,347200.0
89224,1041780.0
120344,516020.0
65741,346350.0
143461,676180.0
17139,369230.0
3544,436900.0
183401,378400.0
60952,447450.0
25283,576080.0
156502,356560.0
43849,364310.0
48610,459870.0
172605,474980.0
5961,372680.0
183592,421380.0
118500,471210.0
74127,469070.0
136637,332910.0
13547,437300.0
131000,412350.0
28067,597140.0
84203,543190.0
153193,716320.0
90689,493220.0
9614,398420.0
162652,380580.0
71577,262940.0
69897,453160.0
141018,401930.0
46009,469720.0
133992,470740.0
132809,240240.0
43203,431610.0
124781,257310.0
138962,727400.0
42935,392080.0
134962,464710.0
78832,525130.0
173967,370390.0
37491,539800.0
10368,367050.0
106357,564120.0
160565,457760.0
67781,440220.0
56161,567770.0
53899,431140.0
136830,843010.0
39332,461990.0
185382,418870.0
29124,477350.0
77911,602840.0
29284,310560.0
91160,264530.0
8503,270550.0
157582,340320.0
179773,375610.0
39102,425800.0
129604,386930.0
77824,333280.0
139753,542950.0
91830,401310.0
37811,282440.0
44685,537230.0
75251,566410.0
142050,403270.0
160376,571800.0
58281,605500.0
103327,408080.0
126224,234260.0
117829,265930.0
73364,380150.0
135326,707800.0
83208,373990.0
105123,362580.0
94202,255920.0
2630,360600.0
122342,361890.0
3102,431780.0
14817,285450.0
92432,350450.0
41394,375610.0
21700,648530.0
16377,469270.0
117275,491960.0
34502,456590.0
185445,433730.0
103615,455410.0
118818,420120.0
33592,468200.0
56919,790540.0
43721,393830.0
141746,392610.0
139931,300360.0
41439,387910.0
173569,559280.0
21917,473600.0
175399,427020.0
106679,437230.0
14049,523540.0
19063,413150.0
30155,303590.0
98611,413050.0
31691,606210.0
179015,448080.0
97858,632190.0
83814,485120.0
116235,663780.0
64885,332970.0
174334,674150.0
127454,374590.0
185456,417850.0
90747,436600.0
26483,328670.0
115695,496630.0
85900,476190.0
162853,515880.0
6882,556010.0
23737,558400.0
79955,373940.0
58770,406040.0
142117,280380.0
61352,526040.0
67562,825610.0
124052,516180.0
114732,358030.0
34302,572210.0
131720,578970.0
173464,369290.0
57560,227220.0
147298,331950.0
26477,438250.0
27915,414130.0
39115,569060.0
87497,520780.0
4387,526780.0
76944,404820.0
182741,622760.0
77870,423850.0
143208,429990.0
97923,291420.0
30371,286080.0
99636,390630.0
10961,274740.0
164510,397470.0
25664,334240.0
76659,367500.0
62456,372440.0
32703,519080.0
129518,402190.0
61381,391380.0
108939,590960.0
82233,386080.0
96691,522750.0
61120,256280.0
135766,396060.0
179003,234260.0
74172,376390.0
18066,653950.0
53791,550270.0
321,280350.0
144838,402110.0
6652,525580.0
121891,450580.0
113980,582820.0
152819,457300.0
140315,280030.0
88874,468690.0
76383,457420.0
10882,933730.0
177205,501670.0
19962,308460.0
106208,498560.0
148671,430550.0
80408,496630.0
181118,413350.0
122777,358870.0
55620,484510.0
74876,875140.0
55456,655950.0
15794,459230.0
123534,392810.0
160913,273870.0
124335,739070.0
137647,458810.0
91795,396270.0
151610,311710.0
150889,529930.0
109084,484700.0
60969,494720.0
98147,469250.0
81878,326620.0
122593,518140.0
65138,376250.0
76706,361010.0
109250,495670.0
178514,498230.0
160491,292620.0
18705,338920.0
124874,482080.0
13929,511340.0
56811,398660.0
99480,414150.0
95660,263420.0
49029,516570.0
125037,586970.0
44491,519730.0
153999,381200.0
100263,378810.0
166747,383840.0
153630,374910.0
11170,505360.0
121743,525500.0
38109,662190.0
107190,458290.0
152215,332380.0
165895,217580.0
2260,432070.0
107386,294880.0
138882,572020.0
171310,729990.0
19311,316590.0
11537,608100.0
119418,482300.0
6799,485510.0
136836,424040.0
130212,371060.0
84012,505320.0
112326,483150.0
21406,445310.0
42067,332260.0
64633,448950.0
165081,344430.0
35123,364120.0
109544,386130.0
146925,497810.0
48204,431630.0
36958,510150.0
153944,319320.0
36901,214630.0
31391,322510.0
135665,306150.0
81040,375470.0
87890,309780.0
61287,369030.0
74527,582780.0
2640,289740.0
42629,348670.0
86726,488160.0
73174,465410.0
54171,257780.0
88213,453940.0
23473,381980.0
13003,448340.0
372,561940.0
70593,698570.0
19902,319800.0
117003,391590.0
3241,503370.0
122824,411640.0
9319,596570.0
14023,431590.0
39103,309090.0
175705,379360.0
49447,380220.0
159627,290890.0
153066,279090.0
51824,886820.0
35831,371250.0
18231,370260.0
117255,340580.0
75229,688030.0
175271,338560.0
129434,273980.0
138370,426560.0
6942,566170.0
64517,400010.0
159822,572520.0
119813,620680.0
24996,412210.0
4898,1046440.0
135500,412740.0
74886,401740.0
158527,465980.0
127766,561050.0
83697,571710.0
112903,423920.0
151743,366430.0
62322,688750.0
169257,311570.0
44828,396540.0
10047,487610.0
12997,557670.0
96032,426980.0
119711,325940.0
60557,387450.0
45121,342810.0
47915,405950.0
17585,331080.0
122110,449840.0
12006,448390.0
149042,461670.0
85074,410290.0
171529,374980.0
77186,486830.0
96130,328730.0
80672,431620.0
99238,522330.0
131691,275540.0
124836,428910.0
23934,579330.0
62161,398080.0
106089,304880.0
52138,294940.0
174283,344780.0
89773,374010.0
155024,357070.0
110803,525750.0
73250,456140.0
89103,488570.0
107397,339310.0
53261,446540.0
56282,530230.0
184224,355920.0
1799,414540.0
130820,781350.0
29829,509860.0
181295,561110.0
91436,466440.0
95068,432780.0
104362,722500.0
89566,308790.0
148118,432100.0
151063,497740.0
138853,348920.0
10944,260610.0
137194,521450.0
92354,380390.0
20635,535330.0
68918,356660.0
157907,566620.0
50478,287000.0
56432,455030.0
130849,383660.0
38802,431600.0
84746,726220.0
12549,488130.0
4003,502250.0
81930,289370.0
175736,619120.0
100915,536590.0
117283,446930.0
184078,316780.0
175384,748160.0
23059,324620.0
154823,482560.0
9159,491220.0
68716,694160.0
94878,478810.0
37193,472890.0
13209,557930.0
49155,338120.0
40017,344060.0
119103,494300.0
164397,314950.0
52265,620240.0
55817,733050.0
101061,353770.0
63891,519310.0
7294,365430.0
180458,590680.0
140963,373180.0
160586,364150.0
59823,379730.0
133184,248630.0
167333,673690.0
139576,491660.0
105419,362500.0
122667,430600.0
148940,757570.0
185634,448360.0
120458,389230.0
21496,353330.0
43785,536960.0
162969,400950.0
42841,348970.0
79702,333750.0
138576,376200.0
66208,408970.0
78792,306330.0
86213,418630.0
174280,415020.0
148608,554630.0
62444,491850.0
158744,395760.0
129803,301660.0
69198,654890.0
105830,619420.0
70398,460740.0
153463,368850.0
62476,436800.0
51637,427730.0
111272,710620.0
148491,404290.0
176887,498600.0
140709,295480.0
14305,497100.0
130927,679650.0
117049,289830.0
143757,421260.0
143241,596600.0
172619,554850.0
175081,305040.0
68561,356970.0
25011,491530.0
38936,406200.0
53589,374340.0
63543,286830.0
37291,630860.0
145047,628000.0
161629,391430.0
170090,313050.0
146681,462800.0
52906,240780.0
134629,650620.0
44304,530870.0
67142,277710.0
45190,282030.0
59025,417520.0
13557,481800.0
109935,484980.0
102663,429310.0
107178,522710.0
164373,312660.0
13349,315950.0
164142,482270.0
29824,533000.0
11360,303300.0
69799,424000.0
92452,428600.0
85024,465390.0
76991,338520.0
120560,629080.0
168411,332540.0
162493,345870.0
135467,533500.0
17273,482230.0
53394,351010.0
178964,539120.0
165398,442770.0
33645,500250.0
145074,288990.0
142662,357520.0
75909,374810.0
41927,476690.0
58896,389860.0
19776,370190.0
100531,516810.0
153097,350580.0
181475,424380.0
142747,511320.0
146466,535950.0
88902,651180.0
7135,676380.0
81652,377600.0
73713,323350.0
5512,424330.0
72816,533290.0
82500,448850.0
100445,658200.0
111855,623010.0
21347,306260.0
142714,343000.0
165574,312230.0
56267,342840.0
166579,479910.0
111301,307360.0
81477,319450.0
84793,344680.0
148790,520420.0
122793,548130.0
6500,328900.0
146738,442490.0
125285,296550.0
4323,497490.0
43215,563780.0
165044,607170.0
12785,723850.0
134012,503810.0
179634,332190.0
134335,359820.0
168170,316810.0
41078,382310.0
109998,623650.0
54130,362400.0
166096,426010.0
60648,259420.0
98487,504840.0
158105,245810.0
66840,439690.0
63451,455870.0
178883,197290.0
83919,367970.0
45514,376090.0
135742,353490.0
121230,560190.0
7662,640920.0
81569,420050.0
182382,381480.0
167061,376740.0
124468,396590.0
170014,308330.0
8989,659070.0
142828,479450.0
30131,491440.0
170187,348680.0
21007,493700.0
110095,579060.0
136355,462120.0
24968,351870.0
11656,516920.0
123609,337700.0
138287,482620.0
161217,357220.0
57422,432960.0
142332,447590.0
96317,331080.0
109208,306970.0
118538,319780.0
46059,438760.0
37533,551480.0
158008,324700.0
45071,355450.0
136270,466520.0
109297,290950.0
80106,317210.0
39466,406440.0
164333,675140.0
74295,505800.0
87450,495600.0
93793,371620.0
129192,292170.0
157983,252990.0
47558,396310.0
27340,319860.0
185142,611550.0
145965,303110.0
171589,488910.0
175484,389310.0
94475,559760.0
103803,348190.0
155695,372870.0
149370,560030.0
151572,272180.0
171320,316350.0
178608,262960.0
80707,434850.0
91428,389930.0
51974,439430.0
181390,461660.0
33759,413740.0
103155,428520.0
183677,702930.0
46259,494440.0
169569,725180.0
171560,399480.0
10158,492720.0
135030,532260.0
129931,577490.0
31623,299800.0
99795,825260.0
52167,480180.0
31595,476390.0
79511,251350.0
118431,451960.0
171541,374120.0
165277,334920.0
68082,272230.0
130752,373100.0
125348,336560.0
105431,459840.0
4427,503400.0
103967,502760.0
110766,496690.0
90157,533920.0
110180,238980.0
172367,360340.0
118389,191520.0
144918,555460.0
150082,541260.0
122666,270550.0
170351,387580.0
174718,341150.0
86782,466200.0
17689,292980.0
158906,347180.0
132547,552190.0
81128,377050.0
100717,444730.0
68790,428400.0
149546,261100.0
140512,447070.0
130131,474870.0
28242,461380.0
72206,771920.0
26365,270540.0
51266,504200.0
99405,745870.0
37981,408210.0
99805,566610.0
30635,328960.0
82232,698920.0
35856,633660.0
79962,411860.0
101341,437120.0
130650,397260.0
55300,526940.0
145900,463780.0
122429,306570.0
131280,459290.0
109283,391790.0
131959,458860.0
174458,368160.0
169164,591740.0
176994,353280.0
176068,378300.0
88617,367560.0
166954,296660.0
116337,376780.0
97234,329430.0
107537,950270.0
145150,442760.0
116192,449260.0
12753,478280.0
62316,662900.0
81891,442610.0
138385,410470.0
153826,584970.0
174205,543630.0
119135,342430.0
54585,422660.0
117294,398930.0
127106,342080.0
55920,369440.0
158949,649660.0
72111,482920.0
129101,667450.0
48887,536510.0
97782,381530.0
146964,478570.0
98253,539460.0
73189,250600.0
97463,396810.0
156527,458040.0
111837,265240.0
80782,428120.0
23100,347980.0
110562,637380.0
98132,368050.0
109964,449430.0
21814,470290.0
166680,384640.0
135836,594990.0
123375,390980.0
161426,339860.0
145656,512450.0
48030,527630.0
155376,470120.0
118437,370910.0
12436,330710.0
137517,299430.0
125308,609920.0
3325,421640.0
16424,320920.0
172198,456050.0
106269,525250.0
70834,280630.0
79391,387710.0
71499,455170.0
110936,567370.0
105452,561550.0
24882,400480.0
166191,353930.0
84983,399610.0
73440,300700.0
158970,465500.0
160692,213610.0
83026,519230.0
62020,386240.0
142081,739240.0
98549,672970.0
154045,702200.0
167648,446250.0
176199,460960.0
134552,549670.0
52465,272370.0
158088,441830.0
39499,393830.0
127407,383170.0
82748,713450.0
144798,423190.0
61771,312120.0
28106,501280.0
171026,695820.0
131987,421420.0
35832,304280.0
101180,533340.0
40425,446020.0
100203,268890.0
130374,533960.0
115087,476410.0
55381,658340.0
135217,572940.0
156434,376920.0
69046,275460.0
121898,447290.0
75553,589940.0
72272,439220.0
174182,271940.0
110148,372120.0
65010,419210.0
33773,314390.0
168246,443560.0
181451,368180.0
144383,549220.0
129087,893950.0
3813,311630.0
14913,456060.0
171853,324830.0
92986,688090.0
161884,380980.0
61713,251250.0
147596,371340.0
109775,433370.0
74488,412920.0
94729,398710.0
116196,583960.0
82997,205510.0
180003,494550.0
148289,727310.0
161318,515890.0
20479,496540.0
5069,396150.0
108931,522120.0
179647,464210.0
147807,308510.0
76911,430640.0
152279,626120.0
150026,383450.0
14797,276790.0
9220,596790.0
135133,302510.0
39917,354510.0
84888,309970.0
68205,296940.0
175254,487010.0
163183,309850.0
152056,408440.0
118460,995600.0
77247,668730.0
100002,510010.0
148325,345130.0
17250,352450.0
9665,322060.0
67740,438860.0
149248,275930.0
87640,432450.0
139282,489620.0
157561,294690.0
96913,580050.0
59286,579870.0
84032,499830.0
159512,497230.0
29989,518380.0
120711,416070.0
118872,321710.0
90205,460950.0
133499,475400.0
127540,613940.0
132130,317150.0
165358,441760.0
27479,402040.0
84010,572620.0
46341,595960.0
106907,501690.0
167141,290800.0
177915,689950.0
47921,724960.0
111426,223380.0
23977,258610.0
103871,550020.0
105941,446400.0
36376,521630.0
44732,602390.0
28987,610810.0
45684,635910.0
101052,275140.0
132751,290460.0
89002,1000330.0
124849,431000.0
172634,368010.0
63489,372800.0
134320,776910.0
55251,411770.0
23533,344140.0
98741,358780.0
136852,412880.0
87061,315100.0
151426,658970.0
47527,362810.0
18062,391040.0
83024,376190.0
87121,319120.0
54072,306360.0
72375,370710.0
49412,430890.0
175012,576750.0
161131,520850.0
103281,301670.0
169286,377980.0
64763,401890.0
159166,617140.0
1194,579290.0
94915,301150.0
87196,623260.0
76339,420900.0
184700,331840.0
65264,628210.0
143634,762780.0
51506,257050.0
56924,374160.0
58540,320230.0
175037,408650.0
124205,310770.0
24353,921630.0
22093,419320.0
65068,386600.0
148224,498170.0
87951,427390.0
24322,493990.0
116719,500290.0
67035,532000.0
141374,461110.0
35738,408780.0
118745,541510.0
68168,261460.0
58232,538300.0
2829,441490.0
49451,428850.0
170403,664420.0
85914,207800.0
6871,384140.0
94762,693500.0
110740,757100.0
12929,525760.0
112023,253990.0
138741,339180.0
181505,414650.0
136147,379520.0
70891,597450.0
38263,445920.0
168012,486880.0
183927,435640.0
128945,296320.0
154505,535040.0
113120,511050.0
1235,418160.0
179129,268320.0
45140,498490.0
144217,712040.0
172382,631700.0
11807,371680.0
71232,361520.0
4600,433250.0
185939,417090.0
117617,444590.0
61372,389400.0
136823,292220.0
66573,521860.0
50489,463010.0
142784,425240.0
145423,382900.0
44950,479600.0
86806,567370.0
12447,357690.0
161468,550050.0
108619,327280.0
99998,356160.0
104055,426320.0
77425,471140.0
72422,433230.0
6520,450730.0
121515,445090.0
162543,551290.0
113196,345730.0
129098,465930.0
84723,453940.0
134599,387730.0
166206,729500.0
7835,488840.0
22354,360080.0
52537,290910.0
166831,304600.0
16144,300290.0
87581,577120.0
111292,415420.0
157276,352520.0
106732,549950.0
29436,554800.0
89970,487710.0
143111,382550.0
14922,351650.0
31265,433220.0
107132,489310.0
14104,529110.0
138311,294790.0
68589,468250.0
157553,268080.0
49954,436980.0
12427,420890.0
59714,240370.0
104223,456050.0
58946,358690.0
138255,497610.0
37107,497590.0
22056,375120.0
156108,489310.0
177418,406960.0
117872,534480.0
60792,584600.0
138653,605590.0
109058,420240.0
106607,573350.0
13794,608300.0
132824,395310.0
152778,314260.0
92692,340660.0
82919,560900.0
139849,574780.0
32162,382260.0
47488,498540.0
124954,390830.0
138117,271090.0
160576,442940.0
92161,392360.0
67784,435790.0
2792,566180.0
137317,626410.0
55779,350960.0
134595,515890.0
69474,323220.0
155759,457100.0
111732,403080.0
127348,532990.0
36727,274810.0
126697,324740.0
100311,368260.0
35414,338090.0
170290,567630.0
169447,345980.0
8484,484100.0
111846,364340.0
91996,617630.0
36846,296290.0
69961,249910.0
92652,476100.0
59103,688600.0
147874,384670.0
130453,452140.0
119752,264040.0
117467,279940.0
177349,362620.0
97190,444420.0
118819,522460.0
171693,438860.0
108109,253410.0
121053,314540.0
125924,702900.0
61534,356130.0
57588,326920.0
48581,395710.0
6946,517920.0
147245,371950.0
13862,278400.0
39870,501750.0
152952,300910.0
52420,520830.0
132813,359580.0
11191,558210.0
126281,605100.0
135439,666540.0
115795,400970.0
129873,515300.0
62687,332170.0
107051,500780.0
78310,561550.0
158858,412610.0
97497,357800.0
131570,476350.0
54931,483220.0
178771,337790.0
43810,310580.0
76629,411020.0
152100,409790.0
87370,462820.0
13010,414350.0
60116,294080.0
129384,249420.0
151625,556070.0
154070,322530.0
28004,445470.0
85531,767260.0
145543,434470.0
149736,342010.0
123059,385160.0
71890,463990.0
120619,420700.0
9616,727150.0
81706,434890.0
162622,330020.0
15837,389640.0
40505,353300.0
65223,614560.0
162325,376190.0
67539,399130.0
60161,452770.0
26353,390000.0
130632,353180.0
53243,565390.0
22489,623500.0
37582,421210.0
161735,575960.0
34766,298340.0
157728,629420.0
167356,761680.0
143370,447080.0
25534,600120.0
106591,335540.0
49721,553330.0
153325,470550.0
38032,292920.0
39086,427730.0
121074,704810.0
122637,217560.0
2045,574740.0
51890,548150.0
135824,456790.0
86209,420170.0
30462,282680.0
84161,413930.0
61215,387470.0
167965,374680.0
109765,380680.0
119278,301150.0
107396,235610.0
22048,286150.0
117503,523590.0
6493,674220.0
154739,346040.0
181518,344900.0
128962,301210.0
57524,360980.0
37331,654260.0
99023,483700.0
63493,636570.0
101354,251110.0
125259,416750.0
7770,385540.0
48794,338360.0
98925,433060.0
59830,363510.0
79412,437040.0
51608,436540.0
76016,256250.0
38778,831300.0
183478,439120.0
179108,438840.0
119957,319300.0
98247,231430.0
151597,486410.0
60622,640960.0
40146,376460.0
84320,541530.0
1195,465560.0
40442,467720.0
16187,578940.0
80939,393740.0
161643,336700.0
108674,318680.0
90300,343680.0
157177,377530.0
144582,240980.0
47081,341620.0
149002,248930.0
26595,342880.0
150052,221430.0
119658,352930.0
132505,594380.0
138459,379980.0
170304,303590.0
36611,431400.0
170158,560570.0
77946,359980.0
173258,409990.0
41650,410820.0
117566,515310.0
89207,462900.0
178501,361460.0
174066,232360.0
169185,605670.0
69310,382650.0
82522,589660.0
156003,453570.0
113386,459770.0
11511,392160.0
161724,370930.0
126766,348230.0
55094,393840.0
93553,411620.0
7605,409890.0
51225,370300.0
169707,340270.0
8228,379290.0
100306,378610.0
90162,380110.0
89392,432780.0
70379,434990.0
162316,469890.0
98459,325080.0
134145,837040.0
78267,649810.0
76102,292040.0
142101,473160.0
24924,416910.0
49281,570580.0
25969,268690.0
114508,511370.0
173103,375400.0
20364,385180.0
147692,494890.0
104902,404530.0
77614,673450.0
58798,443850.0
157720,388310.0
84845,454090.0
101966,197230.0
149990,461240.0
51067,372900.0
128673,266630.0
142710,558100.0
152865,411140.0
180574,644070.0
1288,845640.0
148901,463070.0
183873,459900.0
182019,631860.0
168881,286340.0
150390,385010.0
173806,531530.0
167420,319560.0
135838,405960.0
47444,283190.0
71117,410470.0
84075,549760.0
159758,481270.0
48560,498610.0
134186,467660.0
136134,568390.0
41396,840890.0
181934,400850.0
182556,421520.0
99397,652700.0
103725,437140.0
16639,341330.0
164111,264610.0
74854,460530.0
141702,310320.0
13365,329460.0
15141,549600.0
57256,1067700.0
113659,428380.0
168165,347600.0
180919,310170.0
51483,289920.0
141580,396710.0
10045,269350.0
49183,365100.0
183329,412100.0
172245,446090.0
18367,632420.0
177972,722930.0
139489,407220.0
143762,239040.0
155781,501510.0
62856,349470.0
117279,419480.0
160997,332400.0
6474,427180.0
183501,455970.0
158069,554290.0
78413,432640.0
110168,392990.0
4241,316110.0
77608,308940.0
56152,336740.0
182988,334290.0
5837,380220.0
120221,431950.0
82807,317150.0
33934,468040.0
120827,262230.0
138052,296510.0
13200,511150.0
169869,406750.0
116211,227410.0
142686,885550.0
65239,698290.0
12486,366970.0
26776,287720.0
81643,467970.0
104340,353170.0
102320,416030.0
182081,520410.0
169184,270150.0
118583,341140.0
164706,436690.0
62975,298030.0
148973,293120.0
14317,221630.0
53863,630990.0
105805,268410.0
40706,590980.0
178334,509840.0
164472,436170.0
57655,370440.0
11140,310250.0
57646,386610.0
19783,308590.0
12847,526560.0
54777,306030.0
170430,711060.0
134987,505820.0
150119,303710.0
172760,280610.0
167945,284720.0
37733,397520.0
135924,406620.0
23534,280940.0
12548,303760.0
162734,319960.0
177816,332850.0
93001,466100.0
102699,293550.0
88859,429370.0
132410,595500.0
8115,330610.0
68841,588260.0
93311,652190.0
35334,325890.0
85541,365240.0
2518,243910.0
167370,470090.0
27670,428000.0
125454,505010.0
140410,606940.0
8147,326160.0
64045,993470.0
135855,451430.0
43344,410690.0
176339,353470.0
139289,500870.0
31444,430810.0
71658,436470.0
128363,359990.0
14740,517850.0
107152,362110.0
79790,273710.0
136088,505850.0
149741,442720.0
76237,517020.0
158657,225070.0
151722,504590.0
175363,543900.0
161709,350320.0
48304,614150.0
113700,333590.0
13562,500260.0
125089,418690.0
78322,410990.0
141282,455690.0
111078,775040.0
2368,587200.0
120914,587560.0
167884,448030.0
89721,712330.0
164308,282480.0
12928,286700.0
154236,503350.0
182663,490260.0
119102,460070.0
98988,441570.0
119209,320840.0
176934,296860.0
80081,342990.0
151968,377660.0
17180,553160.0
180306,374360.0
23779,409050.0
34996,584790.0
56779,590750.0
161628,474200.0
169329,328690.0
162356,324980.0
134728,558390.0
132045,581550.0
179692,429740.0
151212,428390.0
136474,535970.0
141068,615830.0
141605,336100.0
74265,359450.0
121284,509910.0
109461,645310.0
19315,815750.0
185563,608770.0
128254,328090.0
13789,479590.0
16470,397660.0
142970,614830.0
159407,347580.0
149050,354760.0
17012,261720.0
178287,602040.0
131845,427050.0
7288,511490.0
13643,390800.0
143904,692570.0
91783,259060.0
59182,318690.0
119242,334880.0
123324,427120.0
81981,403250.0
63374,953360.0
74100,403410.0
181210,507050.0
125331,335630.0
126738,684030.0
176142,352890.0
104813,274640.0
52947,498620.0
2486,386370.0
38393,562050.0
147451,214080.0
133925,432670.0
145042,487960.0
154668,467180.0
156571,617640.0
32928,411920.0
154928,487700.0
42773,418600.0
86458,490360.0
26066,511440.0
120264,369210.0
134998,318370.0
39725,395650.0
24675,337260.0
61078,358380.0
44209,448560.0
25343,525970.0
166828,373820.0
66426,422390.0
72004,476390.0
7170,324100.0
18085,461610.0
131805,530120.0
131044,495750.0
53923,287720.0
183105,473310.0
145040,325490.0
74253,375110.0
40397,453300.0
70425,414680.0
133729,641490.0
165113,293630.0
27471,437550.0
133151,543800.0
153470,345690.0
124953,325370.0
109143,281500.0
32132,286940.0
100264,572440.0
17715,410370.0
50627,406110.0
102522,546400.0
104445,518890.0
110669,376520.0
6793,648530.0
82066,380450.0
160729,425430.0
165956,443450.0
93467,550660.0
81219,355220.0
162274,378840.0
125415,381100.0
83895,503780.0
21332,435410.0
13782,378610.0
82751,448670.0
178285,343610.0
102479,378900.0
75224,489660.0
13372,515690.0
119558,738670.0
26805,422370.0
101925,440170.0
92883,248280.0
98629,401450.0
28998,488270.0
116143,277070.0
173937,313730.0
72303,499050.0
131245,343210.0
27202,378390.0
40355,830960.0
98846,375530.0
169159,448590.0
183863,534420.0
50659,376150.0
155730,382580.0
112245,425080.0
104138,493330.0
179327,361820.0
75746,510840.0
9437,470310.0
142639,374920.0
179552,288510.0
158967,450170.0
15365,269850.0
100285,399040.0
141676,312400.0
41167,526760.0
7649,437740.0
119372,461520.0
140055,665380.0
54626,509280.0
131097,350710.0
127542,757260.0
13326,377890.0
73978,506350.0
171343,292210.0
43664,657000.0
130420,721680.0
22699,452560.0
12870,239960.0
26441,518830.0
104940,480280.0
41760,641720.0
38526,458310.0
26072,237070.0
45861,269540.0
149809,646740.0
85320,492160.0
107504,394740.0
46757,466010.0
112533,616050.0
11353,1061500.0
128949,454870.0
62094,360440.0
8609,290220.0
169697,408920.0
84882,415730.0
82104,357740.0
55291,663190.0
93082,385680.0
32932,373560.0
28061,517450.0
121685,324990.0
131253,512660.0
105558,233960.0
101228,274290.0
3688,684540.0
48312,424590.0
70302,473610.0
133306,846020.0
126213,409310.0
151267,357870.0
185029,589790.0
2108,329730.0
17994,361960.0
58197,416540.0
137617,328050.0
143662,535140.0
168132,624200.0
71402,372300.0
135810,355200.0
165083,340170.0
28819,321760.0
106821,341600.0
17356,476920.0
37820,643590.0
14891,561250.0
73665,256160.0
12920,349350.0
49204,409770.0
116205,717550.0
30021,648670.0
172778,254480.0
81387,453680.0
61279,433240.0
6224,523310.0
82694,457650.0
81912,308410.0
174288,350150.0
57795,449530.0
24743,403100.0
73333,490040.0
28713,413850.0
41378,513800.0
51369,614560.0
34111,626200.0
168364,385250.0
30754,260890.0
7420,456790.0
17781,602390.0
87513,315530.0
136579,504280.0
108773,272840.0
40825,435270.0
116180,745120.0
149473,516020.0
48617,480870.0
56766,301660.0
113510,595470.0
33905,281850.0
119321,460830.0
149776,325170.0
173879,421180.0
173555,406680.0
33197,504850.0
83209,475190.0
77076,363840.0
1838,703770.0
179377,378460.0
44036,439770.0
132289,407140.0
171537,535280.0
108380,342640.0
59869,420630.0
88720,451560.0
145905,390620.0
34340,397100.0
85674,383830.0
67410,425760.0
101226,849820.0
146506,547440.0
161985,583910.0
96291,564610.0
123073,387100.0
1320,476580.0
146061,443870.0
183193,556360.0
29446,302820.0
97814,554340.0
117639,418450.0
55390,412840.0
91134,344650.0
97542,532600.0
60439,475420.0
8804,534170.0
36462,323500.0
148543,481610.0
123791,484710.0
47920,652310.0
112746,335200.0
76542,304550.0
85820,510000.0
65621,615100.0
109320,492240.0
72742,468150.0
94329,722240.0
157514,599050.0
21461,335540.0
129375,470030.0
50250,309260.0
132622,443870.0
115230,580200.0
33733,418800.0
24612,510530.0
114040,411560.0
149754,352540.0
176722,293740.0
23194,272190.0
48098,395600.0
167086,513950.0
179023,357280.0
182432,362400.0
7260,521660.0
48878,295780.0
37959,449290.0
70439,258390.0
77289,502920.0
111659,647020.0
63775,664670.0
176796,402170.0
103137,437210.0
119390,414660.0
179311,249450.0
74132,290100.0
146350,451880.0
86574,648910.0
55775,994900.0
155715,474170.0
74121,454790.0
22779,508350.0
5381,464950.0
41243,633660.0
184575,516860.0
61554,594750.0
82779,450360.0
27370,555250.0
116203,614310.0
163981,304130.0
181967,449040.0
120470,512440.0
92575,472660.0
46402,345510.0
68750,327900.0
80806,389870.0
2917,632760.0
137342,368330.0
133249,318270.0
132364,407490.0
116771,439460.0
121586,580600.0
40260,534570.0
136305,518890.0
17020,389530.0
40196,287540.0
134637,286240.0
32460,331360.0
122126,260010.0
72081,379220.0
30413,316180.0
58830,588270.0
124524,717530.0
46993,332150.0
94825,388540.0
111121,579750.0
135525,272830.0
21875,417700.0
124192,544040.0
66912,561030.0
68974,233340.0
32437,405720.0
144644,231730.0
109008,390900.0
120670,774400.0
75454,443110.0
22558,530870.0
100158,300710.0
181566,483050.0
29486,364200.0
16847,332020.0
50789,334590.0
6091,317070.0
10208,448620.0
182193,437510.0
137249,514170.0
98927,260440.0
146414,402610.0
13234,859290.0
2114,419430.0
3000,708700.0
171450,392550.0
15890,463170.0
38612,363690.0
24096,391820.0
49874,599130.0
135565,466290.0
35744,283080.0
25698,377640.0
146230,399380.0
118297,296650.0
131922,253190.0
162723,433530.0
14717,440130.0
85719,256010.0
180326,583520.0
14864,285850.0
185086,290550.0
160501,675850.0
40723,419880.0
60214,381880.0
49403,530680.0
19492,644920.0
147008,422240.0
58200,577110.0
133494,397510.0
173145,604390.0
31535,257470.0
63791,623940.0
47970,280680.0
21942,401830.0
36883,374190.0
181142,531270.0
130760,398310.0
65034,505340.0
127555,297490.0
122721,289390.0
63242,306570.0
68666,308230.0
65764,576380.0
14669,299360.0
105145,507560.0
89675,365600.0
45399,449770.0
156633,412800.0
28632,340390.0
166964,292570.0
21722,410510.0
125294,480800.0
128818,343370.0
121122,474100.0
164956,351810.0
162665,306170.0
41560,285980.0
49237,538940.0
79919,289720.0
24219,689340.0
173329,302070.0
169272,485400.0
54497,516360.0
124965,422520.0
24733,281520.0
158848,383090.0
17850,296060.0
110883,400260.0
130916,383170.0
184065,345940.0
116004,349600.0
179103,297030.0
102413,226600.0
116314,683970.0
121932,315270.0
160520,395340.0
14875,297890.0
12891,505580.0
63266,555580.0
144347,409240.0
90272,472020.0
106730,420280.0
103813,405850.0
23531,241070.0
47447,457770.0
26639,497030.0
125677,269790.0
15196,680510.0
97765,261880.0
166086,365300.0
45095,478490.0
141857,476250.0
85361,326080.0
93165,422270.0
133918,408670.0
20718,369370.0
15255,422450.0
165073,408860.0
94657,669320.0
1775,394640.0
162443,350020.0
28365,389580.0
165773,619050.0
179683,307230.0
71587,359690.0
35381,583440.0
82934,275320.0
120437,313070.0
89645,336860.0
176951,551910.0
83138,400940.0
153853,524450.0
51619,467000.0
7326,425030.0
157665,475060.0
109656,468240.0
94937,459800.0
83890,412040.0
